País,Distribuidor,Marca,Operador,Cantidad,Facturacion(Dólar)
Colombia,Sagabella,Samsung,Claro,12,"$6,777.00"
Venezuela,Sagabella,Samsung,Claro,12,"$5,392.00"
Uruguay,Oeschle,Samsung,Claro,1,"$6,338.00"
Colombia,Plaza Vea,Samsung,Claro,14,"$6,537.00"
Brasil,Metro,Samsung,Claro,85,"$6,056.00"
Cuba,Tottus,Samsung,Claro,99,"$6,635.00"
España,Metro,Samsung,Claro,67,"$6,563.00"
España,Ripley,Samsung,Claro,16,"$5,987.00"
México,Sagabella,Samsung,Claro,16,"$6,633.00"
Canadá,Metro,Samsung,Claro,10,"$5,751.00"
Colombia,Tottus,Samsung,Claro,15,"$6,710.00"
Bolivia,Plaza Vea,Samsung,Claro,132,"$6,257.00"
Irlanda,Plaza Vea,Samsung,Claro,6,"$5,527.00"
Chile,Iphone,Samsung,Claro,110,"$6,406.00"
Francia,Iphone,Samsung,Claro,18,"$6,418.00"
México,Iphone,Samsung,Claro,82,"$5,183.00"
Cuba,Iphone,Samsung,Claro,40,"$5,566.00"
Alemania,Iphone,Samsung,Claro,79,"$6,413.00"
Estados Unidos,Iphone,Samsung,Claro,50,"$6,085.00"
Irlanda,Iphone,Samsung,Claro,1,"$6,038.00"
Dinamarca,Iphone,Samsung,Entel,64,"$6,487.00"
Alemania,Iphone,Samsung,Tuenti,26,"$5,530.00"
El Salvador,Iphone,Samsung,Claro,39,"$6,542.00"
Argentina,Iphone,Samsung,Claro,7,"$6,065.00"
Estados Unidos,Iphone,Samsung,Tuenti,16,"$5,392.00"
Irlanda,Iphone,Samsung,Bitel,121,"$6,866.00"
Colombia,Iphone,Samsung,Bitel,178,"$6,011.00"
Alemania,Iphone,Motorola,Bitel,41,"$6,201.00"
El Salvador,Iphone,Motorola,Tuenti,75,"$5,774.00"
Jamaica,Iphone,Samsung,Movistar,37,"$5,557.00"
Alemania,Iphone,LG,Entel,58,"$6,631.00"
Bolivia,Iphone,LG,Claro,34,"$5,276.00"
Cuba,Iphone,LG,Tuenti,220,"$5,644.00"
El Salvador,Iphone,Huawei,Movistar,17,"$5,367.00"
Bolivia,Iphone,LG,Bitel,128,"$6,632.00"
España,Iphone,Huawei,Tuenti,39,"$5,728.00"
Guatemala,Iphone,Apple,Bitel,60,"$6,121.00"
Irlanda,Iphone,LG,Claro,13,"$6,850.00"
Alemania,Iphone,Motorola,Claro,13,"$6,910.00"
Dinamarca,Iphone,LG,Tuenti,61,"$5,681.00"
Colombia,Iphone,Nokia,Movistar,45,"$5,409.00"
Argentina,Iphone,Apple,Claro,16,"$6,503.00"
Portugal,Plaza Vea,Motorola,Movistar,35,"$5,150.00"
México,Metro,LG,Movistar,28,"$5,771.00"
Chile,Oeschle,Samsung,Bitel,41,"$6,455.00"
Brasil,Plaza Vea,LG,Bitel,23,"$5,517.00"
Colombia,Sagabella,Nokia,Entel,8,"$5,675.00"
Uruguay,Plaza Vea,LG,Bitel,26,"$6,411.00"
Jamaica,Metro,LG,Claro,52,"$6,635.00"
Argentina,Metro,Samsung,Entel,114,"$5,201.00"
Colombia,Oeschle,Samsung,Claro,91,"$6,347.00"
Colombia,Metro,Nokia,Tuenti,102,"$5,197.00"
Inglaterra,Sagabella,Nokia,Movistar,4,"$6,853.00"
El Salvador,Oeschle,LG,Movistar,18,"$5,463.00"
Paraguay,Tottus,Huawei,Tuenti,28,"$5,223.00"
Colombia,Sagabella,Apple,Entel,31,"$6,375.00"
México,Sagabella,Samsung,Movistar,2,"$6,840.00"
Brasil,Metro,Samsung,Claro,30,"$6,389.00"
El Salvador,Tottus,LG,Claro,67,"$5,096.00"
España,Metro,Nokia,Movistar,3,"$5,246.00"
México,Sagabella,Samsung,Tuenti,11,"$5,735.00"
Colombia,Metro,Apple,Entel,44,"$6,196.00"
Perú,Ripley,LG,Bitel,9,"$6,047.00"
Inglaterra,Oeschle,Nokia,Claro,78,"$5,027.00"
Portugal,Tottus,Samsung,Tuenti,140,"$5,664.00"
Alemania,Plaza Vea,LG,Bitel,64,"$6,388.00"
Uruguay,Metro,LG,Tuenti,111,"$6,691.00"
Brasil,Metro,LG,Entel,92,"$6,911.00"
El Salvador,Tottus,LG,Movistar,51,"$6,966.00"
Perú,Metro,LG,Entel,34,"$6,262.00"
España,Tottus,LG,Tuenti,139,"$6,966.00"
Brasil,Metro,LG,Tuenti,86,"$6,412.00"
Perú,Ripley,LG,Claro,15,"$6,894.00"
Paraguay,Tottus,LG,Movistar,46,"$6,856.00"
Paraguay,Iphone,LG,Movistar,4,"$5,150.00"
Inglaterra,Iphone,LG,Movistar,16,"$6,719.00"
Irlanda,Iphone,LG,Bitel,53,"$6,239.00"
Chile,Iphone,LG,Bitel,15,"$5,393.00"
Colombia,Iphone,LG,Bitel,16,"$5,466.00"
Portugal,Iphone,LG,Entel,1,"$5,771.00"
Francia,Iphone,LG,Bitel,117,"$6,699.00"
Bolivia,Iphone,LG,Movistar,29,"$5,118.00"
Irlanda,Iphone,LG,Entel,55,"$5,151.00"
Cuba,Iphone,LG,Movistar,1,"$5,957.00"
España,Iphone,LG,Movistar,6,"$6,092.00"
Canadá,Iphone,LG,Bitel,20,"$5,669.00"
Venezuela,Iphone,LG,Claro,12,"$6,349.00"
Paraguay,Iphone,LG,Claro,33,"$5,459.00"
Suiza,Iphone,LG,Tuenti,64,"$5,927.00"
Paraguay,Iphone,LG,Movistar,1,"$6,837.00"
Paraguay,Iphone,LG,Claro,9,"$6,061.00"
Chile,Iphone,LG,Tuenti,23,"$5,649.00"
Colombia,Iphone,LG,Bitel,56,"$5,017.00"
Uruguay,Iphone,LG,Movistar,25,"$6,050.00"
Guatemala,Iphone,LG,Claro,51,"$5,041.00"
Alemania,Iphone,LG,Bitel,63,"$5,207.00"
Cuba,Iphone,LG,Movistar,1,"$6,659.00"
Chile,Iphone,LG,Tuenti,60,"$5,425.00"
Irlanda,Iphone,LG,Entel,56,"$5,243.00"
Uruguay,Iphone,LG,Entel,171,"$5,821.00"
Venezuela,Iphone,LG,Tuenti,3,"$5,310.00"
Venezuela,Iphone,LG,Entel,24,"$6,035.00"
Canadá,Iphone,LG,Movistar,50,"$6,286.00"
México,Ripley,LG,Tuenti,79,"$6,451.00"
México,Oeschle,LG,Bitel,114,"$5,662.00"
El Salvador,Sagabella,LG,Claro,5,"$5,839.00"
Paraguay,Ripley,LG,Entel,8,"$5,724.00"
Canadá,Oeschle,LG,Tuenti,188,"$6,369.00"
Colombia,Sagabella,LG,Claro,6,"$5,923.00"
Portugal,Sagabella,LG,Movistar,4,"$5,468.00"
México,Tottus,LG,Claro,39,"$6,486.00"
Guatemala,Oeschle,LG,Bitel,134,"$6,666.00"
Canadá,Metro,LG,Bitel,59,"$6,695.00"
El Salvador,Plaza Vea,LG,Bitel,8,"$6,804.00"
Venezuela,Tottus,LG,Bitel,136,"$6,727.00"
Dinamarca,Sagabella,LG,Claro,2,"$5,460.00"
Inglaterra,Metro,LG,Movistar,28,"$5,174.00"
El Salvador,Ripley,LG,Entel,18,"$6,040.00"
El Salvador,Metro,LG,Movistar,28,"$6,340.00"
Venezuela,Ripley,LG,Bitel,9,"$6,947.00"
Chile,Ripley,LG,Movistar,14,"$5,862.00"
Uruguay,Sagabella,LG,Entel,33,"$6,239.00"
Brasil,Plaza Vea,LG,Entel,33,"$6,987.00"
Perú,Metro,LG,Entel,18,"$5,962.00"
Perú,Plaza Vea,LG,Tuenti,85,"$6,925.00"
Portugal,Tottus,LG,Tuenti,82,"$5,197.00"
Venezuela,Metro,LG,Bitel,70,"$5,926.00"
Guatemala,Iphone,LG,Claro,5,"$5,871.00"
Bolivia,Iphone,LG,Movistar,16,"$5,525.00"
Colombia,Iphone,LG,Claro,26,"$5,224.00"
Canadá,Iphone,LG,Entel,1,"$5,189.00"
Venezuela,Iphone,LG,Entel,7,"$6,109.00"
Argentina,Iphone,LG,Tuenti,29,"$5,056.00"
Dinamarca,Iphone,LG,Claro,17,"$6,255.00"
Alemania,Iphone,LG,Claro,3,"$6,624.00"
Inglaterra,Iphone,LG,Tuenti,149,"$6,708.00"
Brasil,Iphone,LG,Tuenti,71,"$5,937.00"
Francia,Iphone,LG,Claro,86,"$5,789.00"
Uruguay,Iphone,LG,Bitel,2,"$6,893.00"
Brasil,Iphone,LG,Claro,6,"$6,535.00"
Canadá,Iphone,LG,Claro,83,"$5,156.00"
Brasil,Iphone,LG,Claro,6,"$5,789.00"
Cuba,Iphone,LG,Tuenti,35,"$6,454.00"
Canadá,Iphone,LG,Bitel,2,"$6,034.00"
Irlanda,Iphone,LG,Bitel,57,"$6,248.00"
Uruguay,Iphone,LG,Entel,39,"$5,952.00"
Suiza,Iphone,LG,Tuenti,148,"$6,038.00"
Irlanda,Iphone,LG,Movistar,57,"$5,499.00"
España,Iphone,LG,Tuenti,40,"$5,139.00"
El Salvador,Iphone,LG,Tuenti,24,"$6,320.00"
Dinamarca,Iphone,LG,Tuenti,49,"$5,155.00"
Estados Unidos,Iphone,LG,Movistar,13,"$5,803.00"
Irlanda,Iphone,LG,Movistar,6,"$6,280.00"
Guatemala,Iphone,LG,Claro,56,"$6,801.00"
Paraguay,Iphone,LG,Movistar,35,"$6,039.00"
Estados Unidos,Iphone,LG,Claro,5,"$5,607.00"
Colombia,Oeschle,LG,Entel,149,"$6,173.00"
Alemania,Tottus,LG,Entel,66,"$5,256.00"
Chile,Ripley,LG,Tuenti,98,"$5,481.00"
Suiza,Metro,LG,Movistar,14,"$5,451.00"
Suiza,Ripley,LG,Tuenti,81,"$6,799.00"
Francia,Tottus,LG,Bitel,53,"$5,192.00"
Brasil,Oeschle,LG,Entel,4,"$6,005.00"
Estados Unidos,Metro,LG,Bitel,74,"$5,159.00"
Guatemala,Plaza Vea,LG,Entel,18,"$6,452.00"
Argentina,Metro,LG,Bitel,24,"$5,917.00"
México,Plaza Vea,LG,Movistar,3,"$5,719.00"
Estados Unidos,Sagabella,LG,Tuenti,29,"$5,425.00"
El Salvador,Ripley,LG,Bitel,12,"$6,075.00"
Paraguay,Plaza Vea,LG,Movistar,39,"$6,770.00"
Irlanda,Plaza Vea,LG,Movistar,25,"$6,047.00"
México,Metro,LG,Movistar,8,"$6,725.00"
Cuba,Oeschle,LG,Movistar,11,"$5,596.00"
Inglaterra,Metro,LG,Movistar,23,"$5,855.00"
Guatemala,Metro,LG,Entel,118,"$6,783.00"
México,Ripley,LG,Movistar,3,"$6,141.00"
Colombia,Ripley,LG,Entel,42,"$6,504.00"
Chile,Tottus,LG,Claro,56,"$5,071.00"
Portugal,Metro,LG,Entel,2,"$5,133.00"
Francia,Metro,LG,Movistar,18,"$6,711.00"
Dinamarca,Metro,LG,Claro,28,"$5,841.00"
Uruguay,Metro,LG,Tuenti,33,"$5,855.00"
Canadá,Sagabella,LG,Tuenti,24,"$5,303.00"
Alemania,Tottus,LG,Bitel,62,"$5,865.00"
Irlanda,Tottus,LG,Tuenti,33,"$5,744.00"
Perú,Ripley,LG,Tuenti,31,"$5,311.00"
Francia,Tottus,LG,Bitel,83,"$5,008.00"
Francia,Oeschle,LG,Claro,94,"$5,538.00"
Dinamarca,Ripley,LG,Movistar,17,"$5,197.00"
El Salvador,Ripley,LG,Tuenti,86,"$5,730.00"
España,Sagabella,LG,Movistar,1,"$6,288.00"
El Salvador,Metro,LG,Tuenti,36,"$5,138.00"
Colombia,Oeschle,LG,Entel,125,"$6,272.00"
Inglaterra,Ripley,LG,Bitel,1,"$6,550.00"
Canadá,Ripley,LG,Bitel,55,"$6,158.00"
Uruguay,Oeschle,LG,Entel,36,"$6,478.00"
Irlanda,Oeschle,LG,Bitel,11,"$6,851.00"
Chile,Oeschle,LG,Claro,38,"$6,890.00"
Paraguay,Oeschle,LG,Tuenti,107,"$5,178.00"
Chile,Sagabella,LG,Bitel,17,"$6,483.00"
Argentina,Tottus,LG,Bitel,161,"$6,494.00"
España,Ripley,LG,Tuenti,92,"$5,518.00"
Francia,Sagabella,LG,Claro,16,"$6,299.00"
México,Metro,LG,Movistar,6,"$5,000.00"
Guatemala,Sagabella,LG,Movistar,1,"$5,349.00"
Francia,Ripley,LG,Bitel,27,"$5,231.00"
Estados Unidos,Tottus,LG,Bitel,43,"$6,028.00"
Alemania,Tottus,LG,Entel,83,"$5,428.00"
Portugal,Ripley,LG,Bitel,31,"$6,497.00"
Colombia,Oeschle,LG,Claro,83,"$6,517.00"
Portugal,Ripley,LG,Tuenti,5,"$5,379.00"
Guatemala,Tottus,LG,Movistar,57,"$5,569.00"
España,Oeschle,LG,Entel,53,"$6,813.00"
Colombia,Ripley,LG,Movistar,2,"$5,659.00"
México,Metro,LG,Claro,48,"$6,119.00"
Cuba,Oeschle,LG,Bitel,92,"$6,772.00"
Jamaica,Oeschle,LG,Bitel,115,"$5,538.00"
Alemania,Metro,LG,Entel,116,"$6,552.00"
Portugal,Plaza Vea,LG,Movistar,7,"$5,282.00"
Inglaterra,Ripley,LG,Bitel,40,"$6,301.00"
Argentina,Plaza Vea,LG,Tuenti,118,"$6,689.00"
Dinamarca,Tottus,LG,Bitel,14,"$6,583.00"
Cuba,Oeschle,LG,Claro,5,"$5,389.00"
Bolivia,Metro,LG,Claro,56,"$5,655.00"
Chile,Sagabella,LG,Claro,3,"$5,561.00"
Paraguay,Sagabella,LG,Claro,16,"$6,147.00"
Argentina,Plaza Vea,LG,Claro,70,"$6,164.00"
Alemania,Ripley,LG,Movistar,7,"$6,394.00"
Inglaterra,Ripley,LG,Entel,9,"$5,589.00"
Dinamarca,Tottus,LG,Claro,68,"$6,286.00"
Guatemala,Sagabella,LG,Movistar,9,"$5,127.00"
Chile,Sagabella,LG,Tuenti,5,"$5,442.00"
Chile,Sagabella,LG,Tuenti,17,"$5,189.00"
Inglaterra,Sagabella,LG,Tuenti,45,"$6,489.00"
Suiza,Oeschle,LG,Entel,133,"$5,481.00"
Paraguay,Tottus,LG,Entel,125,"$6,123.00"
Estados Unidos,Ripley,LG,Bitel,1,"$6,203.00"
Cuba,Plaza Vea,LG,Claro,64,"$5,983.00"
Portugal,Oeschle,LG,Entel,44,"$5,214.00"
Irlanda,Sagabella,LG,Claro,8,"$6,498.00"
Irlanda,Oeschle,LG,Tuenti,17,"$6,525.00"
Dinamarca,Plaza Vea,LG,Movistar,21,"$6,232.00"
Argentina,Ripley,LG,Entel,48,"$5,750.00"
Canadá,Ripley,LG,Claro,38,"$5,673.00"
Jamaica,Oeschle,LG,Claro,98,"$6,295.00"
Brasil,Oeschle,LG,Bitel,8,"$6,105.00"
Guatemala,Tottus,LG,Entel,26,"$6,118.00"
Estados Unidos,Oeschle,LG,Bitel,20,"$6,691.00"
Bolivia,Tottus,LG,Bitel,135,"$5,746.00"
Chile,Tottus,LG,Bitel,37,"$6,000.00"
Argentina,Sagabella,Nokia,Bitel,1,"$5,944.00"
Bolivia,Metro,Motorola,Bitel,86,"$5,165.00"
Bolivia,Ripley,LG,Bitel,19,"$5,412.00"
Bolivia,Ripley,Nokia,Bitel,22,"$6,486.00"
México,Sagabella,Samsung,Bitel,11,"$6,247.00"
Perú,Oeschle,LG,Bitel,82,"$5,062.00"
Portugal,Tottus,Samsung,Bitel,62,"$6,223.00"
Guatemala,Tottus,Huawei,Bitel,34,"$5,225.00"
El Salvador,Sagabella,Apple,Bitel,34,"$5,497.00"
Dinamarca,Metro,Nokia,Bitel,70,"$6,763.00"
Inglaterra,Ripley,Samsung,Bitel,11,"$6,054.00"
Dinamarca,Sagabella,Motorola,Bitel,12,"$6,746.00"
Portugal,Sagabella,Motorola,Bitel,15,"$5,833.00"
Inglaterra,Ripley,Apple,Bitel,44,"$5,492.00"
Venezuela,Plaza Vea,Samsung,Bitel,38,"$5,000.00"
El Salvador,Tottus,LG,Bitel,66,"$5,990.00"
Argentina,Tottus,Huawei,Bitel,28,"$6,622.00"
Alemania,Sagabella,Samsung,Bitel,17,"$5,800.00"
Irlanda,Metro,LG,Bitel,149,"$5,207.00"
Colombia,Metro,Huawei,Bitel,123,"$6,646.00"
Francia,Metro,Samsung,Bitel,46,"$5,663.00"
México,Oeschle,Samsung,Bitel,44,"$5,151.00"
Jamaica,Oeschle,LG,Bitel,211,"$5,591.00"
Paraguay,Sagabella,LG,Bitel,31,"$5,615.00"
Irlanda,Tottus,Apple,Bitel,77,"$5,097.00"
Venezuela,Ripley,Apple,Bitel,13,"$6,863.00"
México,Sagabella,Motorola,Bitel,20,"$6,859.00"
Cuba,Metro,Samsung,Bitel,6,"$5,169.00"
Brasil,Metro,Apple,Bitel,19,"$5,070.00"
Argentina,Sagabella,Nokia,Bitel,19,"$6,483.00"
Irlanda,Tottus,Samsung,Bitel,97,"$6,185.00"
Estados Unidos,Oeschle,Huawei,Bitel,97,"$6,433.00"
Dinamarca,Ripley,Apple,Bitel,64,"$5,231.00"
Brasil,Metro,Apple,Bitel,12,"$5,383.00"
México,Tottus,LG,Bitel,115,"$6,966.00"
Colombia,Metro,Apple,Bitel,89,"$5,760.00"
Estados Unidos,Ripley,Nokia,Bitel,3,"$5,550.00"
Portugal,Metro,LG,Bitel,36,"$5,155.00"
Canadá,Plaza Vea,LG,Bitel,36,"$6,159.00"
Bolivia,Tottus,Apple,Bitel,128,"$5,584.00"
México,Sagabella,Samsung,Bitel,13,"$6,952.00"
Guatemala,Sagabella,Nokia,Bitel,5,"$5,124.00"
Brasil,Ripley,Motorola,Bitel,38,"$6,762.00"
Inglaterra,Ripley,Nokia,Bitel,46,"$5,427.00"
Perú,Tottus,LG,Bitel,76,"$5,643.00"
Uruguay,Plaza Vea,LG,Bitel,11,"$6,211.00"
Estados Unidos,Sagabella,Samsung,Bitel,6,"$5,017.00"
Chile,Metro,LG,Bitel,28,"$6,590.00"
Bolivia,Tottus,Apple,Bitel,172,"$5,705.00"
Brasil,Sagabella,LG,Bitel,20,"$6,344.00"
Alemania,Ripley,LG,Bitel,4,"$6,689.00"
Paraguay,Plaza Vea,Apple,Bitel,141,"$6,894.00"
México,Sagabella,Motorola,Bitel,6,"$5,503.00"
Chile,Ripley,Samsung,Bitel,46,"$5,427.00"
Jamaica,Oeschle,Apple,Bitel,50,"$6,022.00"
Canadá,Metro,Apple,Bitel,91,"$6,096.00"
Cuba,Tottus,Apple,Bitel,3,"$6,432.00"
Perú,Plaza Vea,LG,Bitel,14,"$6,218.00"
Suiza,Ripley,LG,Bitel,31,"$5,032.00"
Estados Unidos,Sagabella,Huawei,Bitel,10,"$6,815.00"
Colombia,Sagabella,Samsung,Bitel,3,"$6,809.00"
Argentina,Ripley,Apple,Bitel,22,"$5,877.00"
Perú,Sagabella,Samsung,Bitel,4,"$5,546.00"
México,Tottus,Motorola,Bitel,27,"$5,768.00"
Alemania,Sagabella,Samsung,Bitel,1,"$6,446.00"
Inglaterra,Oeschle,Huawei,Bitel,15,"$5,198.00"
Irlanda,Tottus,Nokia,Bitel,5,"$6,123.00"
Francia,Ripley,Motorola,Bitel,9,"$5,096.00"
Jamaica,Tottus,Huawei,Bitel,44,"$5,415.00"
Cuba,Sagabella,Nokia,Bitel,1,"$6,739.00"
México,Metro,LG,Bitel,23,"$6,662.00"
Brasil,Tottus,Nokia,Bitel,39,"$5,236.00"
Canadá,Sagabella,Samsung,Bitel,29,"$6,348.00"
Bolivia,Ripley,Nokia,Bitel,90,"$5,211.00"
Perú,Metro,Nokia,Bitel,70,"$6,197.00"
Bolivia,Sagabella,LG,Bitel,2,"$5,525.00"
Irlanda,Plaza Vea,Nokia,Bitel,68,"$6,218.00"
México,Oeschle,Nokia,Bitel,149,"$6,143.00"
Uruguay,Oeschle,Samsung,Bitel,69,"$5,252.00"
Uruguay,Sagabella,Apple,Bitel,27,"$5,401.00"
Dinamarca,Tottus,Apple,Bitel,3,"$6,347.00"
Jamaica,Tottus,Apple,Bitel,173,"$6,777.00"
Uruguay,Tottus,LG,Bitel,169,"$6,740.00"
Guatemala,Tottus,Huawei,Bitel,52,"$6,352.00"
Perú,Ripley,LG,Bitel,19,"$6,860.00"
Estados Unidos,Metro,Nokia,Bitel,43,"$6,914.00"
Suiza,Ripley,Apple,Bitel,47,"$5,012.00"
Chile,Metro,Samsung,Bitel,65,"$6,082.00"
España,Ripley,Nokia,Bitel,3,"$5,122.00"
Cuba,Tottus,Samsung,Bitel,59,"$6,147.00"
Alemania,Plaza Vea,LG,Bitel,70,"$6,715.00"
El Salvador,Tottus,Huawei,Bitel,20,"$6,082.00"
Uruguay,Sagabella,Motorola,Bitel,6,"$5,698.00"
Irlanda,Tottus,LG,Bitel,31,"$5,401.00"
España,Ripley,Huawei,Bitel,11,"$6,032.00"
Bolivia,Metro,Motorola,Bitel,108,"$5,502.00"
Paraguay,Plaza Vea,Samsung,Bitel,54,"$6,183.00"
Francia,Sagabella,LG,Bitel,4,"$6,899.00"
Chile,Oeschle,Apple,Bitel,75,"$5,137.00"
Dinamarca,Sagabella,Huawei,Bitel,10,"$6,521.00"
Colombia,Sagabella,Samsung,Bitel,1,"$6,462.00"
Canadá,Sagabella,Samsung,Bitel,7,"$6,837.00"
Colombia,Tottus,LG,Bitel,161,"$5,358.00"
Chile,Oeschle,Motorola,Bitel,36,"$5,477.00"
Guatemala,Tottus,Huawei,Bitel,17,"$6,445.00"
Venezuela,Plaza Vea,Apple,Bitel,114,"$5,361.00"
Estados Unidos,Tottus,LG,Bitel,68,"$5,727.00"
Suiza,Oeschle,LG,Bitel,1,"$6,804.00"
Brasil,Tottus,LG,Bitel,16,"$5,072.00"
España,Sagabella,Samsung,Bitel,25,"$6,553.00"
Suiza,Plaza Vea,Motorola,Bitel,8,"$6,198.00"
Brasil,Tottus,Nokia,Bitel,57,"$5,108.00"
Irlanda,Oeschle,Motorola,Bitel,131,"$5,959.00"
Irlanda,Ripley,Motorola,Bitel,27,"$6,541.00"
México,Sagabella,Samsung,Bitel,22,"$6,126.00"
Dinamarca,Sagabella,Apple,Bitel,28,"$6,440.00"
Brasil,Plaza Vea,Huawei,Bitel,67,"$5,140.00"
Canadá,Oeschle,Samsung,Bitel,16,"$6,785.00"
Venezuela,Oeschle,Samsung,Bitel,193,"$6,939.00"
El Salvador,Ripley,Huawei,Bitel,98,"$5,418.00"
Perú,Metro,Nokia,Bitel,49,"$5,411.00"
El Salvador,Oeschle,Motorola,Bitel,60,"$5,822.00"
España,Tottus,Samsung,Bitel,31,"$6,691.00"
Suiza,Tottus,Apple,Bitel,74,"$6,508.00"
Jamaica,Metro,Samsung,Bitel,28,"$6,857.00"
Inglaterra,Ripley,Samsung,Bitel,14,"$5,966.00"
Alemania,Sagabella,LG,Bitel,7,"$6,724.00"
Perú,Metro,Motorola,Bitel,60,"$5,262.00"
Venezuela,Plaza Vea,Nokia,Bitel,51,"$6,832.00"
Paraguay,Sagabella,Samsung,Bitel,18,"$5,079.00"
Bolivia,Sagabella,Huawei,Bitel,1,"$5,297.00"
Guatemala,Metro,Motorola,Bitel,147,"$5,203.00"
Uruguay,Oeschle,LG,Bitel,126,"$5,599.00"
Canadá,Plaza Vea,Nokia,Bitel,107,"$5,268.00"
Irlanda,Sagabella,Nokia,Bitel,36,"$5,440.00"
Irlanda,Metro,LG,Bitel,18,"$6,119.00"
Argentina,Oeschle,LG,Bitel,1,"$6,397.00"
Uruguay,Plaza Vea,Samsung,Bitel,26,"$5,243.00"
Chile,Oeschle,Apple,Bitel,47,"$5,942.00"
Argentina,Tottus,Samsung,Bitel,22,"$5,250.00"
Perú,Oeschle,LG,Bitel,175,"$5,640.00"
Estados Unidos,Metro,LG,Bitel,81,"$5,059.00"
España,Sagabella,LG,Bitel,6,"$5,494.00"
El Salvador,Sagabella,Motorola,Bitel,2,"$5,675.00"
Alemania,Tottus,Apple,Bitel,64,"$5,274.00"
Portugal,Tottus,Samsung,Bitel,51,"$5,780.00"
México,Ripley,LG,Bitel,10,"$6,491.00"
Inglaterra,Oeschle,Motorola,Bitel,96,"$5,408.00"
Brasil,Oeschle,Samsung,Bitel,49,"$6,674.00"
Canadá,Tottus,LG,Bitel,214,"$6,869.00"
Jamaica,Tottus,Motorola,Bitel,22,"$5,580.00"
Argentina,Metro,Samsung,Bitel,75,"$5,915.00"
Bolivia,Ripley,LG,Bitel,18,"$5,299.00"
Paraguay,Sagabella,Motorola,Bitel,16,"$6,346.00"
Uruguay,Sagabella,Motorola,Bitel,6,"$5,943.00"
Colombia,Oeschle,Samsung,Bitel,16,"$5,005.00"
Canadá,Metro,Motorola,Bitel,46,"$5,674.00"
El Salvador,Sagabella,Huawei,Bitel,37,"$5,210.00"
España,Plaza Vea,Apple,Bitel,13,"$6,025.00"
Inglaterra,Tottus,LG,Bitel,267,"$5,156.00"
Uruguay,Metro,Motorola,Tuenti,93,"$5,145.00"
México,Tottus,Huawei,Entel,88,"$5,280.00"
Bolivia,Ripley,Apple,Bitel,22,"$5,972.00"
España,Plaza Vea,LG,Bitel,54,"$5,303.00"
Jamaica,Ripley,LG,Bitel,56,"$6,788.00"
Colombia,Tottus,Motorola,Claro,78,"$6,764.00"
Francia,Metro,Nokia,Tuenti,54,"$5,918.00"
El Salvador,Oeschle,Huawei,Entel,74,"$5,731.00"
Perú,Metro,Nokia,Entel,8,"$5,031.00"
México,Sagabella,Huawei,Entel,11,"$6,222.00"
Bolivia,Metro,LG,Bitel,89,"$5,650.00"
Chile,Oeschle,Motorola,Claro,83,"$5,792.00"
España,Tottus,Motorola,Bitel,24,"$5,748.00"
Suiza,Ripley,Samsung,Bitel,26,"$6,803.00"
Argentina,Ripley,Nokia,Bitel,6,"$6,700.00"
Brasil,Metro,LG,Claro,24,"$5,982.00"
Portugal,Metro,Apple,Tuenti,135,"$5,787.00"
Perú,Sagabella,Motorola,Movistar,9,"$6,136.00"
Brasil,Sagabella,Huawei,Movistar,8,"$5,126.00"
Uruguay,Oeschle,Apple,Movistar,40,"$6,991.00"
Jamaica,Plaza Vea,LG,Claro,58,"$5,468.00"
Chile,Ripley,Apple,Bitel,14,"$5,905.00"
Cuba,Oeschle,Apple,Entel,178,"$6,129.00"
Guatemala,Metro,Motorola,Claro,46,"$6,183.00"
Cuba,Sagabella,Apple,Tuenti,39,"$6,913.00"
Bolivia,Oeschle,Samsung,Entel,194,"$6,987.00"
El Salvador,Metro,Samsung,Tuenti,76,"$6,477.00"
Chile,Sagabella,Samsung,Bitel,5,"$6,615.00"
Paraguay,Plaza Vea,Huawei,Tuenti,32,"$6,635.00"
Paraguay,Tottus,Huawei,Claro,116,"$6,250.00"
Suiza,Tottus,Samsung,Bitel,125,"$5,544.00"
Portugal,Oeschle,LG,Entel,86,"$6,696.00"
Paraguay,Metro,Nokia,Entel,111,"$6,328.00"
Canadá,Tottus,Samsung,Bitel,65,"$5,094.00"
Portugal,Ripley,LG,Bitel,51,"$6,988.00"
Canadá,Plaza Vea,Samsung,Movistar,31,"$6,163.00"
Brasil,Tottus,LG,Movistar,45,"$6,534.00"
Dinamarca,Oeschle,Nokia,Bitel,113,"$5,665.00"
Chile,Oeschle,Samsung,Claro,37,"$5,540.00"
Francia,Oeschle,Huawei,Movistar,29,"$6,505.00"
Chile,Oeschle,Huawei,Tuenti,211,"$6,931.00"
Suiza,Plaza Vea,Motorola,Claro,10,"$5,901.00"
El Salvador,Plaza Vea,LG,Claro,45,"$6,268.00"
Inglaterra,Ripley,Samsung,Claro,7,"$5,662.00"
Francia,Tottus,Samsung,Bitel,136,"$6,864.00"
Argentina,Metro,LG,Tuenti,15,"$5,580.00"
Paraguay,Plaza Vea,Nokia,Tuenti,74,"$6,818.00"
Brasil,Plaza Vea,Huawei,Movistar,25,"$5,762.00"
Irlanda,Sagabella,Samsung,Entel,11,"$6,014.00"
Dinamarca,Plaza Vea,LG,Claro,79,"$6,121.00"
Dinamarca,Plaza Vea,Apple,Tuenti,69,"$5,735.00"
Portugal,Sagabella,Apple,Entel,14,"$6,761.00"
México,Ripley,LG,Claro,29,"$6,185.00"
Estados Unidos,Tottus,Motorola,Bitel,172,"$6,547.00"
Uruguay,Plaza Vea,LG,Entel,60,"$5,030.00"
Inglaterra,Oeschle,LG,Bitel,46,"$6,844.00"
Canadá,Plaza Vea,LG,Claro,27,"$6,120.00"
México,Sagabella,Apple,Bitel,14,"$5,602.00"
Paraguay,Oeschle,LG,Bitel,75,"$5,386.00"
Francia,Ripley,LG,Claro,39,"$5,511.00"
Dinamarca,Sagabella,Samsung,Claro,12,"$5,640.00"
Irlanda,Ripley,LG,Tuenti,90,"$6,739.00"
Francia,Sagabella,Samsung,Claro,9,"$5,826.00"
Venezuela,Ripley,Nokia,Bitel,14,"$5,421.00"
España,Sagabella,Nokia,Claro,18,"$5,818.00"
Paraguay,Tottus,Samsung,Entel,202,"$5,844.00"
Argentina,Plaza Vea,Nokia,Bitel,36,"$5,317.00"
Jamaica,Ripley,LG,Bitel,51,"$6,086.00"
Paraguay,Metro,LG,Bitel,3,"$6,298.00"
Jamaica,Oeschle,Apple,Claro,42,"$5,129.00"
Cuba,Plaza Vea,LG,Claro,30,"$5,188.00"
Dinamarca,Ripley,Nokia,Entel,53,"$6,621.00"
Alemania,Sagabella,Apple,Bitel,20,"$6,277.00"
Suiza,Plaza Vea,LG,Entel,25,"$6,412.00"
Paraguay,Oeschle,Nokia,Movistar,27,"$5,986.00"
Suiza,Oeschle,LG,Entel,175,"$5,828.00"
Portugal,Oeschle,Huawei,Entel,65,"$6,078.00"
México,Oeschle,Motorola,Bitel,123,"$6,039.00"
El Salvador,Plaza Vea,LG,Bitel,97,"$6,592.00"
Irlanda,Sagabella,Motorola,Entel,37,"$6,797.00"
Francia,Plaza Vea,Motorola,Bitel,9,"$5,674.00"
Argentina,Plaza Vea,Samsung,Tuenti,105,"$6,076.00"
Portugal,Metro,LG,Movistar,29,"$6,186.00"
Guatemala,Metro,LG,Claro,30,"$6,821.00"
Irlanda,Tottus,Nokia,Claro,66,"$5,008.00"
México,Metro,LG,Bitel,41,"$5,614.00"
Perú,Plaza Vea,Motorola,Entel,112,"$5,507.00"
Canadá,Metro,Apple,Claro,17,"$5,814.00"
Suiza,Oeschle,LG,Entel,100,"$6,261.00"
Alemania,Oeschle,LG,Tuenti,6,"$5,276.00"
Brasil,Oeschle,Samsung,Movistar,13,"$5,664.00"
Inglaterra,Oeschle,LG,Claro,18,"$6,345.00"
Chile,Tottus,Apple,Claro,107,"$5,942.00"
Estados Unidos,Sagabella,Huawei,Movistar,6,"$6,189.00"
Chile,Sagabella,Samsung,Movistar,9,"$6,740.00"
Estados Unidos,Metro,LG,Tuenti,98,"$5,106.00"
Irlanda,Metro,Motorola,Tuenti,122,"$5,130.00"
España,Tottus,LG,Entel,197,"$6,888.00"
Guatemala,Oeschle,Motorola,Bitel,149,"$6,437.00"
Uruguay,Oeschle,Samsung,Movistar,24,"$6,575.00"
Irlanda,Sagabella,Apple,Bitel,14,"$5,797.00"
Francia,Metro,Samsung,Claro,45,"$6,768.00"
Bolivia,Metro,Samsung,Entel,115,"$6,194.00"
Alemania,Oeschle,Nokia,Tuenti,226,"$5,009.00"
Perú,Sagabella,Samsung,Movistar,2,"$5,758.00"
Canadá,Ripley,Apple,Bitel,44,"$5,280.00"
Cuba,Ripley,Motorola,Movistar,6,"$5,457.00"
Irlanda,Oeschle,Motorola,Claro,84,"$6,807.00"
Portugal,Oeschle,LG,Entel,124,"$5,016.00"
Jamaica,Oeschle,Samsung,Tuenti,144,"$5,897.00"
Cuba,Metro,LG,Claro,4,"$5,654.00"
Dinamarca,Ripley,Nokia,Claro,16,"$6,507.00"
Perú,Tottus,LG,Entel,56,"$6,043.00"
Chile,Sagabella,Huawei,Entel,19,"$6,464.00"
Uruguay,Plaza Vea,Nokia,Claro,40,"$6,526.00"
Inglaterra,Metro,Apple,Entel,109,"$6,516.00"
México,Sagabella,Nokia,Entel,7,"$5,529.00"
Colombia,Tottus,Huawei,Entel,130,"$6,193.00"
Brasil,Plaza Vea,Nokia,Claro,76,"$5,934.00"
Bolivia,Tottus,Samsung,Tuenti,52,"$5,478.00"
El Salvador,Metro,Motorola,Bitel,9,"$5,005.00"
El Salvador,Plaza Vea,Huawei,Bitel,33,"$6,907.00"
Canadá,Tottus,Motorola,Claro,84,"$5,724.00"
Alemania,Oeschle,LG,Claro,69,"$5,246.00"
Guatemala,Metro,Samsung,Claro,38,"$6,773.00"
Bolivia,Ripley,Nokia,Claro,21,"$5,419.00"
Estados Unidos,Ripley,Nokia,Entel,42,"$5,182.00"
El Salvador,Metro,Samsung,Movistar,15,"$5,295.00"
Guatemala,Oeschle,LG,Claro,18,"$6,550.00"
Portugal,Ripley,Samsung,Tuenti,23,"$6,756.00"
Suiza,Plaza Vea,Samsung,Entel,86,"$6,198.00"
Colombia,Plaza Vea,Apple,Movistar,20,"$5,257.00"
Chile,Tottus,Huawei,Bitel,8,"$6,968.00"
Perú,Plaza Vea,LG,Tuenti,91,"$6,185.00"
Alemania,Ripley,Apple,Tuenti,89,"$6,487.00"
Portugal,Sagabella,Nokia,Bitel,29,"$6,020.00"
Colombia,Oeschle,Nokia,Bitel,132,"$5,989.00"
Guatemala,Plaza Vea,Nokia,Claro,4,"$5,781.00"
Dinamarca,Tottus,Nokia,Entel,46,"$6,803.00"
Perú,Metro,Nokia,Entel,85,"$5,586.00"
Jamaica,Tottus,LG,Claro,97,"$6,585.00"
El Salvador,Oeschle,Nokia,Entel,138,"$5,590.00"
Paraguay,Plaza Vea,Apple,Entel,139,"$5,485.00"
Cuba,Sagabella,Samsung,Movistar,5,"$5,232.00"
Colombia,Plaza Vea,LG,Movistar,16,"$6,179.00"
Estados Unidos,Tottus,Motorola,Bitel,173,"$5,501.00"
Alemania,Ripley,Apple,Claro,31,"$5,201.00"
Bolivia,Oeschle,Huawei,Movistar,44,"$6,155.00"
Chile,Tottus,LG,Movistar,4,"$6,836.00"
Inglaterra,Oeschle,Nokia,Entel,188,"$5,136.00"
España,Plaza Vea,LG,Tuenti,51,"$5,012.00"
Francia,Sagabella,Huawei,Movistar,1,"$5,034.00"
Perú,Oeschle,LG,Tuenti,219,"$6,167.00"
Dinamarca,Ripley,Nokia,Claro,34,"$5,551.00"
Venezuela,Plaza Vea,Samsung,Claro,43,"$6,228.00"
Inglaterra,Plaza Vea,LG,Entel,70,"$6,502.00"
Suiza,Oeschle,Apple,Movistar,41,"$5,424.00"
Guatemala,Ripley,LG,Movistar,7,"$5,034.00"
Jamaica,Ripley,Apple,Claro,5,"$5,560.00"
Brasil,Plaza Vea,LG,Tuenti,60,"$5,025.00"
Venezuela,Metro,Apple,Tuenti,98,"$5,583.00"
Jamaica,Metro,Samsung,Movistar,3,"$6,688.00"
Portugal,Oeschle,LG,Tuenti,140,"$5,148.00"
Suiza,Metro,Motorola,Claro,57,"$6,207.00"
Bolivia,Sagabella,Samsung,Tuenti,42,"$6,770.00"
Irlanda,Plaza Vea,LG,Claro,49,"$6,171.00"
Portugal,Plaza Vea,Apple,Movistar,39,"$5,042.00"
Dinamarca,Ripley,LG,Movistar,6,"$6,432.00"
Portugal,Sagabella,Huawei,Movistar,2,"$5,610.00"
Irlanda,Ripley,Samsung,Claro,27,"$5,654.00"
Cuba,Oeschle,Apple,Claro,48,"$5,076.00"
El Salvador,Tottus,Motorola,Claro,88,"$5,877.00"
Cuba,Plaza Vea,Samsung,Movistar,6,"$6,134.00"
Portugal,Sagabella,Motorola,Movistar,6,"$5,450.00"
España,Plaza Vea,Apple,Bitel,73,"$5,442.00"
México,Ripley,Motorola,Movistar,2,"$5,574.00"
Alemania,Tottus,LG,Entel,9,"$5,078.00"
Canadá,Tottus,LG,Movistar,17,"$5,437.00"
Francia,Oeschle,Samsung,Claro,14,"$6,534.00"
Colombia,Sagabella,Apple,Movistar,5,"$5,292.00"
Portugal,Ripley,Samsung,Claro,34,"$5,309.00"
Colombia,Ripley,LG,Tuenti,51,"$6,432.00"
Argentina,Sagabella,Samsung,Claro,15,"$5,328.00"
Dinamarca,Oeschle,LG,Claro,17,"$5,054.00"
Perú,Sagabella,Motorola,Bitel,16,"$5,122.00"
Guatemala,Oeschle,Samsung,Entel,18,"$6,189.00"
Guatemala,Plaza Vea,Huawei,Bitel,55,"$5,350.00"
Inglaterra,Plaza Vea,Huawei,Movistar,3,"$5,794.00"
Perú,Oeschle,LG,Claro,64,"$5,761.00"
Colombia,Plaza Vea,Nokia,Bitel,95,"$5,380.00"
Canadá,Metro,Nokia,Tuenti,146,"$5,412.00"
Cuba,Ripley,Motorola,Tuenti,86,"$6,743.00"
Chile,Tottus,Motorola,Tuenti,46,"$5,626.00"
El Salvador,Oeschle,LG,Tuenti,171,"$6,866.00"
España,Sagabella,LG,Claro,4,"$5,240.00"
Alemania,Tottus,Apple,Bitel,36,"$5,327.00"
Guatemala,Tottus,Nokia,Tuenti,286,"$5,651.00"
México,Metro,Huawei,Tuenti,33,"$5,524.00"
España,Plaza Vea,Samsung,Claro,65,"$6,211.00"
Perú,Tottus,Nokia,Movistar,47,"$6,098.00"
Uruguay,Metro,Samsung,Bitel,21,"$6,611.00"
El Salvador,Plaza Vea,Motorola,Tuenti,40,"$5,358.00"
Chile,Ripley,Samsung,Claro,36,"$6,596.00"
Cuba,Sagabella,Apple,Movistar,4,"$6,920.00"
El Salvador,Tottus,Huawei,Tuenti,273,"$5,666.00"
Inglaterra,Sagabella,Samsung,Tuenti,1,"$6,149.00"
Brasil,Sagabella,Apple,Claro,18,"$5,398.00"
Portugal,Ripley,Samsung,Tuenti,30,"$5,802.00"
Dinamarca,Tottus,Samsung,Entel,92,"$6,910.00"
España,Sagabella,Samsung,Movistar,1,"$6,159.00"
Perú,Metro,Samsung,Entel,11,"$6,281.00"
Francia,Oeschle,Apple,Entel,104,"$6,965.00"
El Salvador,Sagabella,Nokia,Claro,18,"$6,504.00"
Alemania,Oeschle,Samsung,Entel,17,"$6,159.00"
Venezuela,Oeschle,LG,Entel,13,"$5,101.00"
Colombia,Sagabella,LG,Bitel,27,"$5,504.00"
Uruguay,Oeschle,Apple,Movistar,36,"$6,186.00"
Canadá,Tottus,Huawei,Claro,118,"$6,435.00"
Portugal,Plaza Vea,Nokia,Claro,50,"$6,915.00"
Perú,Tottus,LG,Bitel,19,"$5,791.00"
Canadá,Plaza Vea,Motorola,Entel,121,"$5,183.00"
Brasil,Ripley,LG,Movistar,6,"$6,132.00"
Paraguay,Tottus,Samsung,Tuenti,241,"$6,939.00"
El Salvador,Oeschle,LG,Movistar,33,"$6,964.00"
Alemania,Oeschle,Samsung,Tuenti,58,"$5,812.00"
Chile,Oeschle,Samsung,Claro,50,"$6,504.00"
Irlanda,Plaza Vea,Nokia,Tuenti,68,"$5,959.00"
Perú,Oeschle,Samsung,Entel,137,"$6,538.00"
Guatemala,Sagabella,Samsung,Claro,16,"$5,619.00"
Perú,Oeschle,Samsung,Entel,32,"$5,025.00"
Inglaterra,Plaza Vea,Motorola,Bitel,44,"$6,965.00"
Brasil,Ripley,Samsung,Claro,15,"$5,956.00"
Brasil,Sagabella,LG,Movistar,1,"$6,547.00"
Perú,Tottus,LG,Tuenti,99,"$5,716.00"
Cuba,Ripley,Samsung,Movistar,8,"$5,063.00"
Estados Unidos,Plaza Vea,Huawei,Tuenti,116,"$6,637.00"
Chile,Sagabella,LG,Bitel,12,"$6,088.00"
Estados Unidos,Sagabella,Motorola,Claro,18,"$6,285.00"
Bolivia,Metro,Motorola,Bitel,19,"$5,655.00"
Brasil,Metro,Nokia,Bitel,22,"$6,910.00"
Venezuela,Oeschle,Motorola,Movistar,48,"$5,531.00"
El Salvador,Plaza Vea,Samsung,Claro,76,"$5,999.00"
México,Ripley,Samsung,Movistar,3,"$6,565.00"
Francia,Sagabella,Apple,Bitel,3,"$5,261.00"
Jamaica,Tottus,LG,Bitel,15,"$5,524.00"
Suiza,Ripley,Samsung,Claro,25,"$6,719.00"
Venezuela,Tottus,Huawei,Tuenti,103,"$6,967.00"
Irlanda,Plaza Vea,LG,Movistar,23,"$5,905.00"
Jamaica,Metro,Apple,Bitel,56,"$6,313.00"
Dinamarca,Tottus,Apple,Entel,61,"$5,512.00"
Alemania,Oeschle,Apple,Tuenti,187,"$6,297.00"
Estados Unidos,Tottus,Motorola,Bitel,59,"$5,519.00"
Guatemala,Plaza Vea,Nokia,Entel,76,"$6,025.00"
Paraguay,Metro,LG,Entel,116,"$5,308.00"
México,Metro,LG,Tuenti,2,"$6,130.00"
Alemania,Plaza Vea,Motorola,Movistar,18,"$6,935.00"
Colombia,Ripley,Motorola,Movistar,7,"$6,435.00"
México,Oeschle,Samsung,Tuenti,107,"$5,499.00"
Guatemala,Tottus,Huawei,Movistar,59,"$5,913.00"
Paraguay,Oeschle,LG,Tuenti,63,"$6,779.00"
Portugal,Oeschle,Samsung,Entel,39,"$5,855.00"
Colombia,Plaza Vea,Samsung,Bitel,52,"$5,482.00"
Portugal,Tottus,Motorola,Tuenti,125,"$5,088.00"
Inglaterra,Tottus,Huawei,Entel,199,"$6,303.00"
Inglaterra,Sagabella,Huawei,Claro,8,"$6,983.00"
Francia,Plaza Vea,LG,Entel,150,"$5,148.00"
Jamaica,Tottus,Samsung,Tuenti,139,"$6,085.00"
Paraguay,Ripley,LG,Movistar,18,"$6,302.00"
Colombia,Sagabella,Nokia,Entel,39,"$5,438.00"
Portugal,Sagabella,Motorola,Tuenti,2,"$6,023.00"
Portugal,Ripley,Apple,Bitel,7,"$5,417.00"
Paraguay,Plaza Vea,Apple,Bitel,50,"$6,523.00"
Irlanda,Ripley,Huawei,Movistar,19,"$6,948.00"
España,Sagabella,Samsung,Bitel,14,"$5,136.00"
Paraguay,Oeschle,Motorola,Bitel,121,"$5,153.00"
Perú,Plaza Vea,Apple,Bitel,27,"$6,474.00"
Irlanda,Tottus,Huawei,Bitel,47,"$6,025.00"
Guatemala,Tottus,LG,Tuenti,44,"$5,305.00"
Guatemala,Sagabella,Nokia,Claro,14,"$5,864.00"
Colombia,Metro,LG,Bitel,50,"$5,315.00"
España,Ripley,Samsung,Movistar,13,"$6,954.00"
Cuba,Ripley,Huawei,Entel,15,"$5,482.00"
Dinamarca,Oeschle,Apple,Tuenti,105,"$5,925.00"
Suiza,Oeschle,Apple,Entel,14,"$6,247.00"
Venezuela,Plaza Vea,Samsung,Movistar,25,"$5,633.00"
Alemania,Ripley,Apple,Claro,28,"$5,272.00"
Bolivia,Plaza Vea,Samsung,Movistar,32,"$6,146.00"
El Salvador,Tottus,LG,Claro,29,"$6,229.00"
El Salvador,Ripley,Samsung,Movistar,3,"$5,805.00"
Chile,Ripley,LG,Movistar,8,"$5,630.00"
Jamaica,Oeschle,Samsung,Tuenti,25,"$6,817.00"
Estados Unidos,Ripley,LG,Entel,9,"$6,356.00"
Brasil,Tottus,Nokia,Tuenti,274,"$6,739.00"
El Salvador,Sagabella,Samsung,Claro,1,"$6,010.00"
Venezuela,Plaza Vea,Nokia,Entel,157,"$5,671.00"
Brasil,Sagabella,Nokia,Movistar,7,"$6,948.00"
Suiza,Metro,Apple,Tuenti,18,"$5,038.00"
México,Tottus,LG,Entel,12,"$5,517.00"
Irlanda,Plaza Vea,Samsung,Entel,6,"$5,400.00"
Colombia,Oeschle,Apple,Tuenti,157,"$6,635.00"
Colombia,Ripley,LG,Claro,28,"$5,662.00"
España,Ripley,Apple,Tuenti,48,"$6,892.00"
Alemania,Tottus,Samsung,Movistar,1,"$6,329.00"
Dinamarca,Tottus,LG,Entel,134,"$6,025.00"
El Salvador,Oeschle,Apple,Claro,67,"$6,041.00"
Brasil,Ripley,Samsung,Entel,11,"$6,809.00"
El Salvador,Plaza Vea,Samsung,Movistar,6,"$5,576.00"
España,Plaza Vea,LG,Entel,154,"$5,615.00"
Guatemala,Plaza Vea,Nokia,Bitel,27,"$5,032.00"
España,Oeschle,Motorola,Movistar,18,"$6,929.00"
Bolivia,Oeschle,LG,Tuenti,42,"$6,549.00"
Argentina,Sagabella,Samsung,Claro,6,"$5,064.00"
México,Metro,Huawei,Bitel,58,"$5,368.00"
Paraguay,Plaza Vea,Nokia,Bitel,72,"$6,423.00"
Dinamarca,Tottus,Samsung,Tuenti,235,"$6,292.00"
Alemania,Ripley,LG,Entel,55,"$5,626.00"
Guatemala,Metro,LG,Bitel,51,"$6,079.00"
Perú,Ripley,LG,Entel,50,"$6,565.00"
Brasil,Oeschle,LG,Movistar,49,"$6,397.00"
Cuba,Sagabella,LG,Entel,38,"$6,246.00"
Chile,Plaza Vea,Motorola,Tuenti,53,"$5,194.00"
Estados Unidos,Sagabella,LG,Bitel,23,"$6,498.00"
Argentina,Oeschle,Samsung,Movistar,25,"$5,899.00"
Suiza,Ripley,LG,Tuenti,58,"$5,291.00"
Dinamarca,Sagabella,Motorola,Movistar,8,"$5,837.00"
Paraguay,Plaza Vea,Nokia,Movistar,38,"$6,937.00"
Suiza,Plaza Vea,Apple,Movistar,25,"$5,042.00"
Francia,Ripley,Samsung,Movistar,9,"$6,091.00"
Argentina,Metro,Huawei,Bitel,55,"$6,941.00"
Jamaica,Ripley,Samsung,Movistar,1,"$5,632.00"
Francia,Oeschle,LG,Entel,81,"$5,475.00"
Colombia,Sagabella,Huawei,Bitel,21,"$5,135.00"
Perú,Plaza Vea,Apple,Bitel,39,"$6,740.00"
Brasil,Tottus,Apple,Tuenti,280,"$5,240.00"
Jamaica,Oeschle,LG,Movistar,44,"$6,264.00"
Cuba,Metro,Motorola,Movistar,17,"$6,566.00"
Brasil,Metro,Apple,Tuenti,55,"$5,449.00"
Perú,Oeschle,Samsung,Entel,116,"$6,758.00"
Uruguay,Tottus,Huawei,Bitel,75,"$6,653.00"
Argentina,Metro,Samsung,Entel,10,"$6,244.00"
España,Oeschle,Nokia,Tuenti,145,"$6,521.00"
México,Metro,Samsung,Movistar,2,"$5,655.00"
Dinamarca,Oeschle,Apple,Bitel,103,"$6,824.00"
España,Sagabella,Huawei,Entel,18,"$6,700.00"
Paraguay,Ripley,Apple,Entel,53,"$5,925.00"
Argentina,Sagabella,Apple,Claro,16,"$6,039.00"
Alemania,Oeschle,Samsung,Bitel,70,"$5,975.00"
Alemania,Metro,Apple,Entel,34,"$5,521.00"
Paraguay,Tottus,Apple,Tuenti,6,"$5,979.00"
Suiza,Sagabella,LG,Movistar,2,"$5,897.00"
Argentina,Tottus,Nokia,Bitel,9,"$5,954.00"
Bolivia,Plaza Vea,Motorola,Tuenti,46,"$5,518.00"
Perú,Tottus,Samsung,Claro,41,"$5,732.00"
El Salvador,Tottus,LG,Entel,140,"$5,183.00"
Canadá,Oeschle,Huawei,Tuenti,145,"$6,765.00"
El Salvador,Ripley,LG,Bitel,51,"$6,689.00"
Inglaterra,Oeschle,Huawei,Claro,66,"$5,483.00"
Estados Unidos,Sagabella,LG,Bitel,21,"$5,307.00"
Colombia,Ripley,Apple,Claro,17,"$5,579.00"
Uruguay,Oeschle,Samsung,Claro,37,"$6,809.00"
Bolivia,Oeschle,Nokia,Entel,88,"$5,401.00"
Brasil,Tottus,Samsung,Tuenti,58,"$6,879.00"
Francia,Oeschle,LG,Movistar,30,"$6,165.00"
Canadá,Tottus,Huawei,Claro,14,"$6,119.00"
Jamaica,Sagabella,Motorola,Movistar,4,"$6,184.00"
Uruguay,Sagabella,LG,Claro,8,"$6,541.00"
Portugal,Sagabella,Samsung,Tuenti,1,"$5,708.00"
Jamaica,Metro,Samsung,Bitel,79,"$5,965.00"
El Salvador,Oeschle,Samsung,Tuenti,115,"$6,199.00"
Dinamarca,Metro,Nokia,Tuenti,10,"$5,035.00"
Guatemala,Tottus,Samsung,Tuenti,29,"$5,643.00"
Uruguay,Oeschle,Huawei,Entel,17,"$5,142.00"
Francia,Ripley,Motorola,Movistar,14,"$5,437.00"
Uruguay,Plaza Vea,Samsung,Entel,62,"$6,725.00"
Venezuela,Plaza Vea,Huawei,Bitel,51,"$6,421.00"
Suiza,Ripley,Huawei,Movistar,12,"$6,692.00"
Uruguay,Metro,Huawei,Bitel,67,"$6,307.00"
Dinamarca,Metro,Samsung,Bitel,77,"$6,058.00"
Suiza,Plaza Vea,Apple,Tuenti,176,"$6,701.00"
Alemania,Sagabella,LG,Claro,18,"$6,217.00"
Perú,Oeschle,Samsung,Entel,2,"$5,790.00"
Suiza,Oeschle,Samsung,Entel,108,"$5,763.00"
Perú,Oeschle,Nokia,Bitel,61,"$5,993.00"
Chile,Oeschle,Huawei,Movistar,39,"$5,576.00"
Jamaica,Oeschle,LG,Bitel,1,"$6,449.00"
Suiza,Metro,Motorola,Claro,16,"$5,801.00"
Canadá,Tottus,Nokia,Entel,10,"$5,544.00"
Dinamarca,Metro,Nokia,Bitel,68,"$6,503.00"
Argentina,Metro,Samsung,Movistar,6,"$6,290.00"
Paraguay,Oeschle,Huawei,Bitel,3,"$6,787.00"
Dinamarca,Ripley,LG,Entel,25,"$5,439.00"
Argentina,Plaza Vea,Huawei,Claro,47,"$6,151.00"
Cuba,Ripley,Apple,Tuenti,19,"$6,313.00"
Uruguay,Tottus,Apple,Movistar,2,"$6,413.00"
Guatemala,Sagabella,Samsung,Claro,6,"$6,747.00"
Dinamarca,Metro,Nokia,Tuenti,1,"$5,852.00"
Cuba,Sagabella,Samsung,Movistar,2,"$6,965.00"
Alemania,Tottus,Samsung,Movistar,44,"$5,726.00"
Inglaterra,Metro,LG,Claro,7,"$5,001.00"
Colombia,Oeschle,Samsung,Claro,34,"$5,613.00"
España,Tottus,Samsung,Movistar,23,"$6,526.00"
El Salvador,Plaza Vea,Nokia,Entel,72,"$5,443.00"
Argentina,Oeschle,LG,Tuenti,208,"$5,319.00"
Alemania,Oeschle,LG,Claro,41,"$6,793.00"
Inglaterra,Sagabella,LG,Claro,18,"$6,260.00"
Alemania,Ripley,LG,Entel,44,"$6,075.00"
Brasil,Ripley,Apple,Claro,17,"$5,432.00"
Inglaterra,Plaza Vea,Samsung,Movistar,26,"$6,461.00"
Brasil,Plaza Vea,LG,Claro,1,"$5,104.00"
Perú,Sagabella,Motorola,Claro,13,"$6,905.00"
Portugal,Plaza Vea,LG,Entel,44,"$6,179.00"
Jamaica,Plaza Vea,LG,Tuenti,35,"$5,061.00"
Dinamarca,Metro,Huawei,Claro,53,"$5,219.00"
Venezuela,Sagabella,Motorola,Claro,6,"$5,747.00"
Alemania,Ripley,Samsung,Bitel,8,"$6,546.00"
Francia,Plaza Vea,Apple,Claro,45,"$6,874.00"
Colombia,Metro,Apple,Movistar,21,"$6,250.00"
Suiza,Plaza Vea,Apple,Bitel,23,"$6,131.00"
Brasil,Tottus,Apple,Movistar,18,"$5,988.00"
Brasil,Ripley,Samsung,Claro,33,"$5,987.00"
Alemania,Plaza Vea,LG,Entel,42,"$6,316.00"
Venezuela,Tottus,LG,Tuenti,6,"$5,948.00"
Jamaica,Sagabella,LG,Bitel,18,"$6,667.00"
Francia,Ripley,LG,Entel,8,"$6,064.00"
Paraguay,Sagabella,Apple,Entel,10,"$5,994.00"
México,Metro,Huawei,Tuenti,96,"$5,322.00"
Alemania,Tottus,Apple,Tuenti,130,"$6,224.00"
Bolivia,Oeschle,LG,Claro,70,"$5,665.00"
Argentina,Plaza Vea,Nokia,Bitel,44,"$5,137.00"
Irlanda,Ripley,LG,Entel,50,"$6,755.00"
España,Oeschle,Samsung,Tuenti,24,"$6,331.00"
Paraguay,Plaza Vea,LG,Bitel,112,"$5,579.00"
Estados Unidos,Sagabella,Apple,Claro,18,"$6,596.00"
Uruguay,Plaza Vea,Samsung,Bitel,87,"$5,261.00"
España,Sagabella,Nokia,Movistar,5,"$6,058.00"
Colombia,Metro,LG,Movistar,29,"$6,302.00"
El Salvador,Tottus,Samsung,Tuenti,295,"$6,795.00"
Suiza,Tottus,Motorola,Bitel,46,"$5,638.00"
México,Plaza Vea,Apple,Entel,151,"$5,495.00"
México,Sagabella,Nokia,Claro,17,"$6,248.00"
El Salvador,Oeschle,Apple,Tuenti,126,"$5,594.00"
Chile,Oeschle,Motorola,Tuenti,10,"$6,765.00"
Uruguay,Metro,LG,Movistar,6,"$6,690.00"
Venezuela,Ripley,Huawei,Movistar,17,"$6,650.00"
Dinamarca,Metro,Nokia,Movistar,18,"$6,662.00"
Brasil,Sagabella,Samsung,Bitel,3,"$6,050.00"
Argentina,Tottus,LG,Claro,87,"$6,054.00"
Irlanda,Metro,Nokia,Movistar,13,"$5,392.00"
Paraguay,Ripley,Nokia,Entel,42,"$6,461.00"
Brasil,Metro,LG,Claro,55,"$5,627.00"
Irlanda,Oeschle,Apple,Tuenti,31,"$5,346.00"
Argentina,Metro,Motorola,Bitel,21,"$5,152.00"
Argentina,Oeschle,LG,Entel,112,"$6,708.00"
Bolivia,Tottus,LG,Claro,82,"$6,606.00"
Venezuela,Metro,Apple,Tuenti,92,"$5,690.00"
Colombia,Tottus,Samsung,Claro,85,"$6,354.00"
España,Metro,Samsung,Movistar,3,"$6,398.00"
Guatemala,Oeschle,Motorola,Bitel,27,"$5,317.00"
Alemania,Metro,Motorola,Entel,27,"$5,541.00"
Canadá,Ripley,Samsung,Tuenti,71,"$5,990.00"
Guatemala,Metro,Samsung,Claro,57,"$5,560.00"
Irlanda,Oeschle,LG,Tuenti,34,"$5,581.00"
Portugal,Plaza Vea,Samsung,Entel,107,"$6,770.00"
Inglaterra,Metro,Huawei,Movistar,11,"$5,021.00"
Irlanda,Plaza Vea,Motorola,Bitel,32,"$5,492.00"
España,Oeschle,Motorola,Entel,132,"$6,420.00"
Guatemala,Plaza Vea,LG,Claro,44,"$6,213.00"
Venezuela,Oeschle,Apple,Bitel,66,"$5,628.00"
España,Tottus,Samsung,Movistar,20,"$6,768.00"
Argentina,Ripley,Motorola,Movistar,16,"$6,948.00"
México,Oeschle,LG,Bitel,134,"$6,018.00"
Chile,Plaza Vea,Motorola,Claro,74,"$6,942.00"
Paraguay,Plaza Vea,Motorola,Entel,148,"$6,185.00"
Alemania,Ripley,Apple,Movistar,1,"$5,686.00"
Bolivia,Sagabella,Huawei,Entel,11,"$5,795.00"
Estados Unidos,Ripley,LG,Claro,26,"$6,419.00"
Canadá,Metro,LG,Bitel,77,"$6,364.00"
Suiza,Ripley,LG,Tuenti,98,"$6,257.00"
Jamaica,Ripley,Nokia,Entel,21,"$6,784.00"
Uruguay,Plaza Vea,Huawei,Bitel,3,"$5,633.00"
Estados Unidos,Ripley,Samsung,Bitel,42,"$6,895.00"
Canadá,Metro,Nokia,Claro,29,"$5,439.00"
Uruguay,Sagabella,Motorola,Entel,13,"$5,214.00"
El Salvador,Plaza Vea,Apple,Bitel,14,"$5,956.00"
Canadá,Oeschle,Huawei,Tuenti,77,"$5,750.00"
Chile,Ripley,Nokia,Bitel,54,"$6,372.00"
Irlanda,Tottus,Motorola,Movistar,5,"$5,319.00"
Portugal,Tottus,LG,Tuenti,25,"$5,983.00"
España,Tottus,Motorola,Entel,236,"$6,579.00"
Inglaterra,Sagabella,Samsung,Bitel,29,"$5,148.00"
Cuba,Metro,Nokia,Tuenti,24,"$5,860.00"
Paraguay,Tottus,Apple,Bitel,151,"$6,578.00"
Paraguay,Metro,LG,Bitel,37,"$6,622.00"
Irlanda,Metro,LG,Claro,29,"$5,592.00"
Bolivia,Metro,LG,Entel,104,"$5,346.00"
Perú,Tottus,LG,Entel,54,"$6,782.00"
Portugal,Ripley,Samsung,Entel,16,"$5,971.00"
Argentina,Metro,Motorola,Claro,50,"$5,303.00"
El Salvador,Oeschle,LG,Claro,63,"$5,122.00"
El Salvador,Sagabella,Nokia,Entel,31,"$5,598.00"
Brasil,Ripley,Samsung,Claro,31,"$5,701.00"
Portugal,Tottus,Samsung,Tuenti,192,"$5,556.00"
Argentina,Tottus,Motorola,Claro,36,"$6,640.00"
Chile,Plaza Vea,Samsung,Claro,68,"$5,939.00"
Francia,Sagabella,Samsung,Claro,4,"$5,782.00"
Chile,Plaza Vea,Nokia,Bitel,18,"$5,300.00"
Irlanda,Sagabella,Apple,Bitel,16,"$5,412.00"
Brasil,Metro,Nokia,Tuenti,36,"$6,128.00"
Jamaica,Metro,Nokia,Movistar,6,"$5,776.00"
Cuba,Metro,LG,Movistar,17,"$5,574.00"
México,Oeschle,Apple,Tuenti,129,"$6,379.00"
Argentina,Tottus,Samsung,Movistar,56,"$5,313.00"
España,Metro,Apple,Bitel,81,"$6,808.00"
Paraguay,Ripley,Apple,Bitel,57,"$5,191.00"
Alemania,Metro,Nokia,Bitel,69,"$5,051.00"
Canadá,Sagabella,Apple,Bitel,7,"$5,386.00"
Inglaterra,Sagabella,Apple,Entel,3,"$6,254.00"
México,Plaza Vea,Motorola,Movistar,13,"$5,925.00"
Colombia,Ripley,LG,Movistar,3,"$6,476.00"
Portugal,Oeschle,Huawei,Claro,81,"$6,837.00"
Inglaterra,Ripley,Apple,Movistar,18,"$5,609.00"
Guatemala,Ripley,Apple,Movistar,3,"$5,972.00"
España,Sagabella,Samsung,Claro,13,"$5,101.00"
Canadá,Ripley,Samsung,Tuenti,5,"$6,270.00"
Bolivia,Sagabella,Nokia,Bitel,27,"$6,984.00"
Irlanda,Oeschle,Samsung,Bitel,121,"$6,641.00"
Venezuela,Ripley,Apple,Claro,28,"$6,789.00"
Cuba,Ripley,Samsung,Claro,26,"$5,907.00"
Canadá,Sagabella,Nokia,Bitel,20,"$6,316.00"
Francia,Plaza Vea,LG,Tuenti,141,"$6,011.00"
Chile,Oeschle,Samsung,Entel,139,"$5,020.00"
Perú,Sagabella,Samsung,Entel,22,"$6,230.00"
Colombia,Tottus,Apple,Entel,181,"$6,436.00"
Suiza,Plaza Vea,Apple,Tuenti,54,"$5,438.00"
Cuba,Oeschle,Samsung,Entel,46,"$6,990.00"
Chile,Metro,Nokia,Movistar,21,"$6,894.00"
Portugal,Metro,Nokia,Movistar,2,"$6,587.00"
Uruguay,Oeschle,Motorola,Claro,83,"$5,262.00"
Portugal,Sagabella,Samsung,Claro,4,"$6,248.00"
Suiza,Metro,Samsung,Entel,56,"$6,496.00"
Bolivia,Plaza Vea,Samsung,Claro,16,"$6,893.00"
Venezuela,Ripley,Nokia,Movistar,2,"$6,178.00"
Bolivia,Tottus,LG,Bitel,156,"$6,781.00"
El Salvador,Metro,Apple,Tuenti,138,"$6,107.00"
Venezuela,Tottus,Huawei,Bitel,122,"$6,066.00"
Irlanda,Metro,Apple,Movistar,9,"$5,351.00"
Canadá,Sagabella,Samsung,Movistar,7,"$5,178.00"
Colombia,Metro,LG,Tuenti,88,"$6,521.00"
Perú,Ripley,LG,Movistar,1,"$5,619.00"
Irlanda,Plaza Vea,Samsung,Claro,58,"$6,264.00"
México,Metro,Nokia,Bitel,41,"$6,270.00"
España,Oeschle,LG,Entel,20,"$6,912.00"
Inglaterra,Plaza Vea,Motorola,Tuenti,166,"$6,122.00"
Dinamarca,Plaza Vea,LG,Claro,22,"$6,389.00"
Canadá,Metro,LG,Claro,34,"$5,507.00"
Cuba,Plaza Vea,LG,Bitel,93,"$5,819.00"
El Salvador,Tottus,Apple,Claro,102,"$6,048.00"
Chile,Plaza Vea,LG,Movistar,25,"$5,391.00"
Dinamarca,Tottus,Nokia,Movistar,32,"$5,952.00"
El Salvador,Plaza Vea,Samsung,Claro,13,"$5,227.00"
Canadá,Tottus,LG,Tuenti,1,"$6,482.00"
Portugal,Metro,LG,Movistar,19,"$6,823.00"
Bolivia,Tottus,Samsung,Movistar,30,"$6,975.00"
Uruguay,Ripley,Samsung,Claro,30,"$6,591.00"
Canadá,Ripley,Huawei,Movistar,8,"$5,355.00"
Dinamarca,Plaza Vea,Apple,Tuenti,109,"$6,092.00"
Suiza,Sagabella,Motorola,Bitel,23,"$6,094.00"
Dinamarca,Sagabella,Samsung,Claro,3,"$5,639.00"
Guatemala,Oeschle,Nokia,Movistar,8,"$6,422.00"
El Salvador,Sagabella,Samsung,Entel,4,"$5,151.00"
Dinamarca,Metro,Samsung,Movistar,8,"$6,620.00"
Jamaica,Sagabella,Nokia,Movistar,5,"$6,610.00"
Estados Unidos,Tottus,LG,Movistar,9,"$6,095.00"
Irlanda,Oeschle,LG,Movistar,18,"$5,606.00"
El Salvador,Tottus,Nokia,Movistar,33,"$6,995.00"
Chile,Plaza Vea,Motorola,Movistar,27,"$6,348.00"
Chile,Plaza Vea,LG,Movistar,24,"$5,692.00"
Alemania,Plaza Vea,Samsung,Tuenti,27,"$5,600.00"
Chile,Oeschle,LG,Entel,21,"$6,950.00"
Suiza,Ripley,LG,Claro,32,"$5,873.00"
Perú,Ripley,LG,Tuenti,47,"$6,941.00"
Brasil,Ripley,Nokia,Movistar,3,"$5,882.00"
Paraguay,Ripley,Apple,Tuenti,95,"$5,376.00"
España,Sagabella,LG,Entel,17,"$6,236.00"
España,Plaza Vea,Samsung,Tuenti,27,"$6,177.00"
Portugal,Tottus,Nokia,Entel,234,"$6,068.00"
Brasil,Plaza Vea,Samsung,Claro,59,"$5,473.00"
Cuba,Metro,Nokia,Movistar,23,"$5,931.00"
Chile,Plaza Vea,Huawei,Entel,127,"$6,423.00"
Cuba,Plaza Vea,Apple,Tuenti,94,"$5,370.00"
Guatemala,Metro,Motorola,Entel,51,"$5,127.00"
Venezuela,Ripley,LG,Claro,15,"$6,732.00"
Venezuela,Sagabella,Motorola,Bitel,21,"$6,306.00"
Portugal,Oeschle,Samsung,Claro,98,"$6,420.00"
Inglaterra,Ripley,Motorola,Entel,44,"$6,989.00"
Chile,Sagabella,LG,Tuenti,19,"$5,774.00"
Perú,Sagabella,Samsung,Movistar,9,"$6,486.00"
Francia,Tottus,Samsung,Tuenti,49,"$6,207.00"
Estados Unidos,Plaza Vea,Motorola,Tuenti,107,"$5,935.00"
Francia,Oeschle,Nokia,Tuenti,226,"$6,576.00"
Alemania,Metro,Apple,Bitel,87,"$6,276.00"
Inglaterra,Oeschle,Nokia,Claro,74,"$5,645.00"
Perú,Ripley,LG,Bitel,15,"$6,720.00"
Suiza,Ripley,Nokia,Entel,46,"$6,121.00"
Uruguay,Tottus,Samsung,Claro,20,"$6,909.00"
Cuba,Tottus,Nokia,Claro,107,"$6,459.00"
Dinamarca,Metro,Samsung,Entel,31,"$6,501.00"
Jamaica,Plaza Vea,Motorola,Tuenti,62,"$5,332.00"
Chile,Metro,Samsung,Entel,20,"$6,449.00"
Portugal,Metro,Apple,Tuenti,134,"$5,286.00"
España,Plaza Vea,Huawei,Bitel,12,"$5,873.00"
Alemania,Sagabella,Motorola,Movistar,9,"$5,073.00"
Guatemala,Ripley,Nokia,Tuenti,54,"$6,293.00"
Uruguay,Plaza Vea,Motorola,Claro,73,"$5,428.00"
Brasil,Oeschle,LG,Claro,49,"$5,084.00"
El Salvador,Sagabella,Apple,Tuenti,23,"$6,799.00"
Chile,Oeschle,Samsung,Tuenti,63,"$6,142.00"
Brasil,Oeschle,Apple,Movistar,23,"$6,119.00"
Cuba,Sagabella,Samsung,Claro,14,"$5,356.00"
Inglaterra,Tottus,Apple,Bitel,131,"$5,496.00"
España,Tottus,LG,Entel,91,"$5,680.00"
Suiza,Sagabella,Huawei,Movistar,5,"$6,450.00"
Brasil,Ripley,LG,Claro,21,"$5,875.00"
Suiza,Plaza Vea,LG,Claro,40,"$6,044.00"
Perú,Ripley,Samsung,Movistar,3,"$6,900.00"
Francia,Metro,Nokia,Tuenti,11,"$5,320.00"
México,Tottus,Motorola,Tuenti,273,"$5,551.00"
Alemania,Plaza Vea,LG,Movistar,38,"$6,979.00"
Venezuela,Oeschle,Nokia,Tuenti,143,"$6,679.00"
Canadá,Oeschle,Motorola,Claro,35,"$5,333.00"
Irlanda,Ripley,Apple,Bitel,49,"$5,695.00"
Uruguay,Plaza Vea,Motorola,Bitel,107,"$5,748.00"
España,Ripley,Apple,Claro,5,"$5,299.00"
Colombia,Tottus,Apple,Tuenti,250,"$6,528.00"
Bolivia,Oeschle,Samsung,Movistar,36,"$6,097.00"
Estados Unidos,Ripley,Nokia,Claro,31,"$6,647.00"
México,Tottus,LG,Bitel,93,"$5,576.00"
Canadá,Plaza Vea,LG,Tuenti,191,"$5,658.00"
Irlanda,Plaza Vea,Samsung,Movistar,22,"$5,142.00"
Guatemala,Sagabella,Apple,Claro,14,"$5,825.00"
Colombia,Ripley,Nokia,Tuenti,1,"$6,004.00"
Chile,Tottus,Samsung,Movistar,43,"$6,228.00"
Paraguay,Plaza Vea,Huawei,Claro,6,"$5,276.00"
España,Sagabella,Motorola,Entel,37,"$5,554.00"
Irlanda,Oeschle,Samsung,Entel,43,"$5,457.00"
Venezuela,Metro,Motorola,Claro,20,"$6,325.00"
Paraguay,Oeschle,Nokia,Tuenti,186,"$6,906.00"
Irlanda,Tottus,Motorola,Movistar,26,"$5,996.00"
Irlanda,Sagabella,Nokia,Bitel,11,"$5,561.00"
México,Oeschle,LG,Movistar,47,"$5,561.00"
Jamaica,Metro,Nokia,Entel,78,"$6,617.00"
Guatemala,Sagabella,Samsung,Tuenti,32,"$5,287.00"
Francia,Tottus,LG,Bitel,81,"$6,255.00"
Chile,Sagabella,Motorola,Tuenti,1,"$6,832.00"
Dinamarca,Plaza Vea,Apple,Bitel,15,"$6,859.00"
Argentina,Sagabella,Samsung,Claro,15,"$6,481.00"
Brasil,Ripley,Apple,Bitel,28,"$5,594.00"
Cuba,Ripley,LG,Movistar,14,"$5,552.00"
Portugal,Oeschle,LG,Entel,196,"$6,635.00"
Chile,Tottus,LG,Claro,38,"$5,160.00"
Guatemala,Sagabella,LG,Movistar,6,"$5,445.00"
Jamaica,Metro,Samsung,Entel,29,"$5,971.00"
Portugal,Sagabella,Huawei,Movistar,7,"$5,297.00"
Cuba,Ripley,Nokia,Bitel,18,"$6,158.00"
Irlanda,Ripley,Nokia,Movistar,4,"$5,278.00"
Paraguay,Tottus,LG,Movistar,42,"$6,002.00"
Canadá,Metro,Apple,Movistar,6,"$5,904.00"
España,Metro,Motorola,Claro,33,"$5,041.00"
Bolivia,Sagabella,LG,Bitel,13,"$5,510.00"
El Salvador,Metro,Samsung,Entel,109,"$5,326.00"
Alemania,Metro,Nokia,Movistar,13,"$5,272.00"
México,Sagabella,Huawei,Movistar,4,"$6,756.00"
Guatemala,Tottus,Apple,Entel,131,"$5,373.00"
Perú,Oeschle,Huawei,Tuenti,225,"$6,737.00"
México,Sagabella,Apple,Movistar,9,"$6,379.00"
El Salvador,Plaza Vea,Apple,Movistar,26,"$5,407.00"
Canadá,Sagabella,Samsung,Bitel,27,"$6,898.00"
Suiza,Metro,LG,Claro,29,"$5,361.00"
Venezuela,Metro,LG,Entel,27,"$6,363.00"
Cuba,Metro,Nokia,Claro,19,"$5,818.00"
Portugal,Metro,Samsung,Tuenti,30,"$6,294.00"
Colombia,Metro,Huawei,Claro,20,"$5,233.00"
Guatemala,Oeschle,Nokia,Bitel,116,"$5,243.00"
Uruguay,Oeschle,Apple,Bitel,68,"$6,723.00"
Paraguay,Plaza Vea,Huawei,Movistar,27,"$5,258.00"
Uruguay,Sagabella,Samsung,Movistar,3,"$6,013.00"
Bolivia,Oeschle,Motorola,Movistar,20,"$6,095.00"
Dinamarca,Oeschle,Nokia,Claro,91,"$6,826.00"
Bolivia,Ripley,Apple,Movistar,5,"$5,937.00"
Cuba,Metro,Huawei,Tuenti,83,"$6,165.00"
Cuba,Ripley,Apple,Tuenti,85,"$5,463.00"
Dinamarca,Ripley,Nokia,Bitel,51,"$5,098.00"
Estados Unidos,Metro,LG,Claro,45,"$5,338.00"
Inglaterra,Metro,Samsung,Tuenti,110,"$5,468.00"
Irlanda,Tottus,LG,Tuenti,199,"$5,725.00"
Cuba,Oeschle,LG,Bitel,140,"$5,528.00"
Cuba,Sagabella,Nokia,Movistar,2,"$6,138.00"
Cuba,Ripley,Motorola,Tuenti,43,"$5,948.00"
Guatemala,Sagabella,Apple,Entel,3,"$6,164.00"
Cuba,Oeschle,Apple,Claro,53,"$5,660.00"
España,Sagabella,Apple,Bitel,1,"$5,177.00"
Irlanda,Tottus,Nokia,Claro,42,"$6,450.00"
Suiza,Tottus,LG,Tuenti,28,"$5,161.00"
Venezuela,Plaza Vea,Huawei,Claro,39,"$5,597.00"
Inglaterra,Tottus,Huawei,Claro,96,"$5,782.00"
España,Plaza Vea,Apple,Claro,4,"$6,998.00"
Paraguay,Ripley,LG,Entel,9,"$6,633.00"
Dinamarca,Sagabella,Apple,Entel,23,"$5,908.00"
Dinamarca,Metro,Huawei,Movistar,6,"$6,055.00"
Venezuela,Sagabella,Huawei,Tuenti,21,"$6,106.00"
Dinamarca,Oeschle,LG,Tuenti,88,"$6,052.00"
Portugal,Plaza Vea,Motorola,Tuenti,111,"$5,754.00"
México,Sagabella,Nokia,Movistar,1,"$6,291.00"
España,Oeschle,Nokia,Tuenti,249,"$5,551.00"
Chile,Plaza Vea,Samsung,Claro,67,"$5,427.00"
Suiza,Tottus,LG,Bitel,87,"$6,032.00"
Canadá,Plaza Vea,Huawei,Claro,15,"$6,226.00"
Chile,Metro,Samsung,Entel,9,"$6,808.00"
Irlanda,Oeschle,LG,Movistar,27,"$5,801.00"
Irlanda,Plaza Vea,LG,Tuenti,106,"$6,402.00"
Portugal,Plaza Vea,Motorola,Movistar,1,"$5,994.00"
Inglaterra,Sagabella,LG,Tuenti,14,"$6,484.00"
Perú,Tottus,LG,Entel,165,"$5,094.00"
Portugal,Ripley,Samsung,Entel,42,"$6,954.00"
Inglaterra,Plaza Vea,Motorola,Entel,19,"$6,644.00"
España,Ripley,Huawei,Claro,9,"$5,793.00"
Uruguay,Metro,LG,Bitel,46,"$5,117.00"
Brasil,Ripley,Samsung,Entel,60,"$5,410.00"
Argentina,Ripley,Nokia,Claro,9,"$6,579.00"
Suiza,Oeschle,Huawei,Bitel,55,"$6,478.00"
Venezuela,Oeschle,Samsung,Movistar,37,"$6,067.00"
Perú,Tottus,Apple,Movistar,57,"$6,878.00"
Alemania,Ripley,Apple,Movistar,15,"$6,276.00"
España,Plaza Vea,LG,Entel,31,"$6,108.00"
Irlanda,Plaza Vea,LG,Tuenti,133,"$5,319.00"
Irlanda,Plaza Vea,Apple,Entel,86,"$6,834.00"
Paraguay,Plaza Vea,Huawei,Bitel,54,"$6,057.00"
Uruguay,Sagabella,Samsung,Movistar,5,"$6,579.00"
Francia,Metro,Apple,Claro,29,"$5,250.00"
Estados Unidos,Plaza Vea,Samsung,Bitel,21,"$6,131.00"
Francia,Ripley,LG,Bitel,49,"$6,048.00"
España,Ripley,Motorola,Claro,2,"$5,965.00"
Inglaterra,Sagabella,Samsung,Bitel,4,"$5,719.00"
Bolivia,Sagabella,Apple,Tuenti,32,"$6,826.00"
Cuba,Plaza Vea,LG,Bitel,15,"$5,695.00"
México,Ripley,Samsung,Movistar,19,"$6,491.00"
México,Sagabella,Samsung,Movistar,4,"$6,888.00"
Dinamarca,Tottus,LG,Claro,26,"$5,323.00"
Alemania,Sagabella,Huawei,Claro,18,"$6,590.00"
Canadá,Sagabella,LG,Tuenti,42,"$5,984.00"
México,Metro,Motorola,Movistar,24,"$5,706.00"
México,Tottus,Motorola,Claro,41,"$5,620.00"
España,Ripley,Motorola,Bitel,56,"$5,692.00"
Guatemala,Oeschle,Nokia,Entel,88,"$6,371.00"
Portugal,Ripley,LG,Tuenti,63,"$5,312.00"
España,Sagabella,LG,Movistar,5,"$5,243.00"
Alemania,Oeschle,Samsung,Movistar,24,"$5,007.00"
El Salvador,Ripley,LG,Tuenti,83,"$6,744.00"
Brasil,Tottus,Huawei,Tuenti,26,"$5,745.00"
Uruguay,Sagabella,LG,Movistar,1,"$5,984.00"
España,Ripley,LG,Claro,17,"$5,282.00"
Irlanda,Oeschle,Nokia,Tuenti,192,"$6,421.00"
Brasil,Plaza Vea,Apple,Entel,23,"$5,637.00"
Francia,Tottus,Apple,Movistar,58,"$5,486.00"
Canadá,Oeschle,Motorola,Movistar,21,"$5,812.00"
Colombia,Ripley,Nokia,Tuenti,65,"$5,313.00"
Suiza,Ripley,Samsung,Movistar,13,"$6,286.00"
Estados Unidos,Sagabella,LG,Tuenti,49,"$6,775.00"
Inglaterra,Tottus,Huawei,Entel,106,"$5,917.00"
Uruguay,Ripley,LG,Claro,3,"$5,822.00"
España,Tottus,LG,Claro,45,"$5,458.00"
Chile,Plaza Vea,Apple,Movistar,31,"$5,577.00"
Jamaica,Oeschle,Apple,Bitel,14,"$6,156.00"
Jamaica,Ripley,Motorola,Bitel,55,"$5,851.00"
Alemania,Sagabella,LG,Bitel,14,"$5,254.00"
México,Ripley,Nokia,Bitel,30,"$6,248.00"
Cuba,Plaza Vea,Apple,Claro,4,"$5,917.00"
Francia,Tottus,LG,Claro,1,"$6,563.00"
Inglaterra,Metro,Samsung,Tuenti,142,"$5,541.00"
Colombia,Tottus,LG,Entel,162,"$5,496.00"
Estados Unidos,Plaza Vea,Apple,Tuenti,185,"$6,422.00"
Canadá,Tottus,Samsung,Entel,55,"$6,001.00"
Bolivia,Tottus,Nokia,Movistar,58,"$5,683.00"
Colombia,Oeschle,Nokia,Entel,124,"$6,172.00"
Cuba,Ripley,Apple,Claro,34,"$5,271.00"
Colombia,Tottus,Apple,Tuenti,245,"$5,467.00"
Estados Unidos,Metro,Huawei,Bitel,71,"$6,324.00"
Dinamarca,Oeschle,Nokia,Bitel,76,"$6,775.00"
Argentina,Tottus,Huawei,Movistar,23,"$5,590.00"
Brasil,Sagabella,Huawei,Bitel,29,"$6,003.00"
Guatemala,Ripley,Apple,Movistar,11,"$5,406.00"
Portugal,Metro,Huawei,Bitel,70,"$6,641.00"
Colombia,Metro,Nokia,Movistar,17,"$6,187.00"
Uruguay,Ripley,Apple,Tuenti,53,"$6,928.00"
El Salvador,Sagabella,LG,Claro,19,"$5,153.00"
Estados Unidos,Sagabella,Huawei,Bitel,4,"$6,274.00"
Colombia,Sagabella,Samsung,Claro,5,"$5,056.00"
Chile,Oeschle,LG,Bitel,60,"$6,697.00"
Irlanda,Tottus,LG,Tuenti,212,"$6,734.00"
El Salvador,Ripley,Apple,Bitel,1,"$5,493.00"
Francia,Plaza Vea,Huawei,Claro,52,"$6,262.00"
Colombia,Metro,Huawei,Entel,27,"$6,969.00"
Canadá,Tottus,LG,Entel,54,"$5,311.00"
Brasil,Oeschle,Motorola,Tuenti,119,"$6,430.00"
Brasil,Plaza Vea,Apple,Tuenti,153,"$5,857.00"
Suiza,Oeschle,Nokia,Claro,64,"$6,432.00"
Francia,Oeschle,LG,Bitel,91,"$6,860.00"
Chile,Tottus,Samsung,Movistar,26,"$5,985.00"
Estados Unidos,Oeschle,Motorola,Bitel,31,"$6,908.00"
Dinamarca,Ripley,Nokia,Bitel,31,"$5,782.00"
Dinamarca,Tottus,Motorola,Entel,173,"$6,739.00"
Jamaica,Plaza Vea,Apple,Bitel,93,"$5,732.00"
Venezuela,Tottus,Apple,Movistar,30,"$6,737.00"
Portugal,Sagabella,LG,Claro,13,"$6,043.00"
El Salvador,Metro,Apple,Tuenti,15,"$5,789.00"
Portugal,Plaza Vea,LG,Entel,112,"$6,857.00"
Chile,Plaza Vea,Apple,Claro,52,"$5,880.00"
Francia,Ripley,Motorola,Bitel,15,"$6,259.00"
Colombia,Plaza Vea,LG,Claro,19,"$6,312.00"
Canadá,Tottus,Huawei,Movistar,20,"$6,594.00"
Uruguay,Ripley,Samsung,Movistar,5,"$6,883.00"
Guatemala,Oeschle,Samsung,Bitel,114,"$6,816.00"
Bolivia,Ripley,Apple,Entel,66,"$5,959.00"
Cuba,Plaza Vea,LG,Claro,26,"$5,885.00"
Francia,Oeschle,Motorola,Tuenti,73,"$5,106.00"
Alemania,Tottus,LG,Tuenti,27,"$5,277.00"
Portugal,Metro,Huawei,Tuenti,59,"$6,840.00"
Guatemala,Plaza Vea,Samsung,Bitel,83,"$5,499.00"
Cuba,Tottus,Samsung,Bitel,119,"$6,188.00"
Alemania,Sagabella,Samsung,Claro,11,"$6,725.00"
Bolivia,Oeschle,Samsung,Movistar,37,"$5,838.00"
Brasil,Metro,Huawei,Bitel,37,"$5,909.00"
Francia,Ripley,Nokia,Movistar,11,"$5,358.00"
Perú,Metro,Motorola,Claro,43,"$5,660.00"
Cuba,Ripley,Apple,Tuenti,25,"$5,817.00"
El Salvador,Metro,Samsung,Claro,16,"$6,642.00"
Jamaica,Sagabella,Samsung,Tuenti,43,"$6,868.00"
Bolivia,Tottus,Nokia,Movistar,10,"$6,811.00"
Estados Unidos,Metro,Apple,Tuenti,89,"$6,623.00"
Inglaterra,Oeschle,LG,Claro,52,"$6,601.00"
Portugal,Ripley,Samsung,Tuenti,1,"$5,114.00"
Uruguay,Sagabella,Huawei,Claro,10,"$6,804.00"
Argentina,Sagabella,Apple,Bitel,11,"$5,921.00"
Perú,Plaza Vea,Motorola,Tuenti,1,"$6,939.00"
España,Ripley,Samsung,Movistar,5,"$5,093.00"
Jamaica,Plaza Vea,Huawei,Movistar,23,"$5,634.00"
Cuba,Sagabella,Huawei,Claro,5,"$6,467.00"
Estados Unidos,Plaza Vea,Apple,Entel,41,"$5,123.00"
Argentina,Metro,Nokia,Entel,83,"$5,906.00"
Argentina,Tottus,LG,Bitel,91,"$6,895.00"
Perú,Tottus,Apple,Entel,47,"$6,467.00"
Estados Unidos,Ripley,Huawei,Tuenti,66,"$6,903.00"
El Salvador,Ripley,Samsung,Entel,11,"$6,745.00"
Brasil,Plaza Vea,Samsung,Movistar,36,"$6,555.00"
Uruguay,Metro,Huawei,Claro,27,"$5,195.00"
Dinamarca,Ripley,LG,Movistar,4,"$5,995.00"
Cuba,Plaza Vea,Nokia,Movistar,26,"$6,814.00"
Argentina,Sagabella,Apple,Claro,18,"$5,037.00"
Perú,Tottus,Huawei,Entel,140,"$5,741.00"
Suiza,Oeschle,Samsung,Claro,20,"$5,394.00"
Suiza,Plaza Vea,Huawei,Tuenti,56,"$6,071.00"
Chile,Ripley,LG,Entel,75,"$5,815.00"
Inglaterra,Metro,Samsung,Claro,24,"$6,035.00"
Guatemala,Ripley,Samsung,Movistar,2,"$5,390.00"
Cuba,Sagabella,LG,Movistar,7,"$6,423.00"
Chile,Ripley,Motorola,Tuenti,49,"$6,030.00"
Jamaica,Plaza Vea,Samsung,Movistar,1,"$5,456.00"
Irlanda,Metro,Motorola,Movistar,18,"$6,680.00"
Uruguay,Metro,Apple,Tuenti,38,"$5,808.00"
Guatemala,Oeschle,Apple,Entel,166,"$6,242.00"
España,Plaza Vea,Apple,Tuenti,166,"$5,025.00"
México,Plaza Vea,Samsung,Claro,15,"$6,208.00"
Cuba,Sagabella,Samsung,Movistar,4,"$5,199.00"
Irlanda,Tottus,Apple,Movistar,43,"$5,552.00"
Cuba,Oeschle,Apple,Tuenti,57,"$6,418.00"
El Salvador,Plaza Vea,Samsung,Bitel,48,"$5,213.00"
Colombia,Plaza Vea,Apple,Claro,40,"$5,907.00"
Guatemala,Tottus,Samsung,Bitel,17,"$6,365.00"
Venezuela,Tottus,Huawei,Bitel,143,"$6,501.00"
Chile,Oeschle,LG,Tuenti,135,"$6,597.00"
Paraguay,Metro,Motorola,Movistar,3,"$6,673.00"
Estados Unidos,Oeschle,LG,Entel,46,"$6,214.00"
Guatemala,Metro,Nokia,Entel,89,"$6,149.00"
Perú,Ripley,LG,Movistar,6,"$6,456.00"
Brasil,Ripley,Apple,Claro,17,"$5,582.00"
Canadá,Sagabella,Motorola,Claro,5,"$6,938.00"
Canadá,Tottus,Motorola,Entel,138,"$6,655.00"
Bolivia,Plaza Vea,LG,Claro,38,"$5,090.00"
Argentina,Plaza Vea,LG,Claro,57,"$6,091.00"
México,Oeschle,LG,Bitel,78,"$6,659.00"
Dinamarca,Metro,Nokia,Bitel,33,"$6,178.00"
Bolivia,Tottus,Samsung,Entel,34,"$6,097.00"
Brasil,Ripley,LG,Claro,7,"$6,442.00"
Uruguay,Plaza Vea,LG,Entel,80,"$6,854.00"
Inglaterra,Metro,Samsung,Bitel,70,"$5,694.00"
Venezuela,Metro,Huawei,Claro,8,"$6,431.00"
Canadá,Tottus,Nokia,Entel,17,"$6,513.00"
Brasil,Oeschle,Samsung,Entel,181,"$6,725.00"
El Salvador,Oeschle,Apple,Claro,70,"$6,720.00"
Venezuela,Tottus,Huawei,Entel,70,"$6,109.00"
Estados Unidos,Sagabella,LG,Tuenti,8,"$5,149.00"
Canadá,Tottus,Apple,Movistar,27,"$6,673.00"
Francia,Sagabella,Motorola,Bitel,24,"$5,487.00"
Canadá,Tottus,Apple,Claro,85,"$6,540.00"
Portugal,Metro,Motorola,Movistar,17,"$5,343.00"
Chile,Tottus,LG,Claro,94,"$6,705.00"
Estados Unidos,Plaza Vea,Apple,Bitel,10,"$6,172.00"
Argentina,Ripley,Motorola,Tuenti,31,"$5,058.00"
Estados Unidos,Plaza Vea,LG,Bitel,8,"$5,185.00"
Venezuela,Oeschle,Huawei,Tuenti,5,"$5,299.00"
Inglaterra,Metro,Apple,Entel,38,"$5,902.00"
Guatemala,Tottus,Nokia,Bitel,175,"$5,660.00"
Brasil,Plaza Vea,LG,Entel,126,"$6,602.00"
Cuba,Tottus,Huawei,Claro,14,"$5,543.00"
Perú,Ripley,Samsung,Movistar,2,"$6,444.00"
Canadá,Sagabella,Huawei,Bitel,9,"$6,694.00"
Brasil,Sagabella,LG,Movistar,9,"$5,458.00"
Irlanda,Metro,Motorola,Entel,24,"$5,055.00"
Dinamarca,Ripley,Apple,Entel,7,"$6,274.00"
Venezuela,Plaza Vea,Nokia,Entel,64,"$5,772.00"
Argentina,Metro,LG,Tuenti,107,"$5,781.00"
Inglaterra,Plaza Vea,Samsung,Movistar,27,"$6,062.00"
Chile,Metro,Apple,Claro,9,"$5,126.00"
Argentina,Tottus,Motorola,Entel,233,"$6,665.00"
Bolivia,Ripley,LG,Entel,64,"$5,037.00"
México,Ripley,LG,Bitel,34,"$6,542.00"
Colombia,Oeschle,LG,Entel,88,"$6,315.00"
Inglaterra,Tottus,Apple,Tuenti,114,"$5,794.00"
Canadá,Oeschle,Samsung,Movistar,34,"$6,614.00"
Jamaica,Sagabella,Samsung,Claro,1,"$5,411.00"
Brasil,Metro,Samsung,Bitel,22,"$6,375.00"
Francia,Oeschle,Huawei,Entel,165,"$6,151.00"
México,Sagabella,Motorola,Entel,22,"$5,750.00"
Cuba,Tottus,LG,Tuenti,10,"$6,991.00"
Canadá,Metro,Motorola,Entel,69,"$6,721.00"
Brasil,Sagabella,Apple,Entel,6,"$5,129.00"
Perú,Plaza Vea,Nokia,Entel,154,"$5,899.00"
Venezuela,Ripley,Samsung,Claro,12,"$6,801.00"
Paraguay,Ripley,LG,Bitel,48,"$6,168.00"
Estados Unidos,Ripley,Samsung,Tuenti,96,"$5,185.00"
Cuba,Plaza Vea,LG,Bitel,21,"$6,630.00"
España,Tottus,Motorola,Movistar,4,"$5,284.00"
Alemania,Oeschle,Nokia,Movistar,42,"$6,320.00"
Irlanda,Metro,Huawei,Bitel,36,"$6,352.00"
Argentina,Oeschle,Samsung,Entel,65,"$5,469.00"
Colombia,Tottus,LG,Tuenti,143,"$6,003.00"
Alemania,Plaza Vea,Motorola,Movistar,13,"$5,420.00"
Dinamarca,Sagabella,Huawei,Claro,11,"$5,329.00"
Alemania,Tottus,Nokia,Claro,51,"$5,169.00"
Bolivia,Metro,LG,Entel,77,"$5,745.00"
Colombia,Tottus,LG,Bitel,14,"$5,221.00"
Francia,Ripley,Nokia,Movistar,5,"$5,349.00"
Inglaterra,Tottus,LG,Claro,116,"$5,547.00"
México,Metro,Samsung,Bitel,71,"$6,642.00"
Canadá,Metro,Motorola,Entel,76,"$5,844.00"
Cuba,Plaza Vea,Samsung,Tuenti,88,"$5,038.00"
Suiza,Plaza Vea,Samsung,Bitel,107,"$5,384.00"
Estados Unidos,Metro,Samsung,Bitel,16,"$5,563.00"
Jamaica,Tottus,Samsung,Entel,173,"$5,849.00"
Suiza,Sagabella,LG,Tuenti,44,"$5,078.00"
España,Plaza Vea,LG,Movistar,32,"$6,838.00"
El Salvador,Metro,Huawei,Claro,39,"$5,565.00"
Bolivia,Sagabella,Samsung,Claro,14,"$5,246.00"
Estados Unidos,Tottus,Huawei,Claro,32,"$6,973.00"
Cuba,Tottus,Samsung,Bitel,10,"$5,432.00"
Guatemala,Metro,Nokia,Claro,7,"$5,819.00"
Uruguay,Tottus,LG,Entel,15,"$6,076.00"
Suiza,Ripley,Apple,Claro,21,"$5,716.00"
Bolivia,Metro,Motorola,Bitel,9,"$6,239.00"
Bolivia,Metro,Samsung,Claro,31,"$5,343.00"
El Salvador,Ripley,LG,Tuenti,98,"$5,882.00"
Uruguay,Oeschle,Samsung,Tuenti,69,"$6,654.00"
Dinamarca,Tottus,Samsung,Bitel,177,"$6,491.00"
Francia,Sagabella,Huawei,Bitel,16,"$5,112.00"
Brasil,Metro,Nokia,Claro,29,"$6,575.00"
Uruguay,Oeschle,Apple,Movistar,44,"$5,692.00"
España,Oeschle,Motorola,Claro,6,"$5,606.00"
Jamaica,Sagabella,Apple,Tuenti,5,"$5,197.00"
Uruguay,Sagabella,Motorola,Claro,1,"$6,852.00"
Irlanda,Ripley,Apple,Bitel,3,"$5,144.00"
Inglaterra,Sagabella,LG,Tuenti,46,"$5,256.00"
Francia,Plaza Vea,Motorola,Tuenti,56,"$5,244.00"
Inglaterra,Metro,Huawei,Entel,69,"$6,498.00"
El Salvador,Oeschle,LG,Bitel,12,"$5,900.00"
Paraguay,Ripley,Huawei,Entel,35,"$5,980.00"
Uruguay,Plaza Vea,LG,Claro,12,"$6,362.00"
Cuba,Tottus,Huawei,Bitel,30,"$6,639.00"
Argentina,Ripley,Samsung,Claro,26,"$5,687.00"
Canadá,Oeschle,Samsung,Tuenti,223,"$5,510.00"
Jamaica,Metro,LG,Tuenti,35,"$5,364.00"
España,Oeschle,LG,Entel,4,"$5,621.00"
Argentina,Tottus,LG,Claro,12,"$6,351.00"
Perú,Plaza Vea,Apple,Claro,40,"$6,102.00"
España,Tottus,Nokia,Movistar,36,"$6,682.00"
Dinamarca,Tottus,Motorola,Movistar,21,"$6,521.00"
Dinamarca,Metro,LG,Claro,21,"$5,227.00"
España,Sagabella,Huawei,Claro,1,"$5,075.00"
Portugal,Ripley,Apple,Tuenti,39,"$6,528.00"
Venezuela,Tottus,Apple,Bitel,66,"$6,568.00"
Brasil,Sagabella,LG,Movistar,6,"$6,892.00"
Cuba,Oeschle,Huawei,Tuenti,165,"$5,296.00"
Jamaica,Sagabella,Apple,Bitel,1,"$6,584.00"
Estados Unidos,Tottus,Samsung,Tuenti,270,"$6,227.00"
Francia,Oeschle,Motorola,Entel,159,"$6,423.00"
Colombia,Metro,LG,Movistar,17,"$5,473.00"
Canadá,Sagabella,Apple,Claro,17,"$6,505.00"
Alemania,Metro,Samsung,Bitel,59,"$6,747.00"
Inglaterra,Metro,Nokia,Movistar,11,"$5,440.00"
Uruguay,Plaza Vea,Motorola,Claro,61,"$6,120.00"
El Salvador,Metro,Apple,Movistar,8,"$6,551.00"
Irlanda,Plaza Vea,Motorola,Tuenti,35,"$6,105.00"
Venezuela,Plaza Vea,LG,Claro,53,"$6,179.00"
Uruguay,Metro,Apple,Entel,43,"$5,786.00"
Argentina,Tottus,LG,Bitel,59,"$5,785.00"
Dinamarca,Oeschle,Apple,Movistar,1,"$6,915.00"
España,Sagabella,LG,Bitel,19,"$5,928.00"
Irlanda,Oeschle,Samsung,Tuenti,219,"$6,672.00"
Irlanda,Tottus,Samsung,Entel,212,"$5,363.00"
Estados Unidos,Plaza Vea,Huawei,Tuenti,178,"$5,837.00"
España,Oeschle,LG,Bitel,12,"$5,120.00"
Uruguay,Tottus,Samsung,Entel,30,"$5,185.00"
Chile,Metro,LG,Claro,39,"$5,038.00"
Venezuela,Tottus,Motorola,Entel,175,"$5,911.00"
Brasil,Plaza Vea,LG,Claro,78,"$6,061.00"
Perú,Tottus,LG,Claro,52,"$6,796.00"
Venezuela,Ripley,Apple,Bitel,51,"$5,514.00"
Alemania,Plaza Vea,LG,Claro,20,"$5,927.00"
Uruguay,Tottus,Motorola,Entel,41,"$5,659.00"
Portugal,Ripley,LG,Movistar,12,"$6,066.00"
Cuba,Metro,Motorola,Entel,92,"$5,511.00"
Francia,Oeschle,LG,Claro,84,"$6,824.00"
Guatemala,Tottus,LG,Claro,86,"$5,487.00"
Dinamarca,Tottus,LG,Bitel,174,"$5,195.00"
Venezuela,Tottus,Huawei,Entel,28,"$6,646.00"
Argentina,Metro,Motorola,Claro,59,"$6,558.00"
México,Metro,Huawei,Movistar,26,"$5,319.00"
Suiza,Ripley,Apple,Claro,22,"$5,353.00"
Estados Unidos,Metro,Motorola,Claro,17,"$5,081.00"
Cuba,Sagabella,Samsung,Tuenti,34,"$5,645.00"
Francia,Metro,LG,Bitel,9,"$6,456.00"
Dinamarca,Ripley,LG,Entel,55,"$5,061.00"
Dinamarca,Sagabella,Apple,Tuenti,16,"$6,104.00"
Cuba,Ripley,Huawei,Movistar,5,"$5,347.00"
Argentina,Metro,LG,Movistar,7,"$6,345.00"
Chile,Metro,Huawei,Bitel,33,"$5,652.00"
Estados Unidos,Oeschle,Apple,Tuenti,230,"$6,644.00"
Estados Unidos,Tottus,Samsung,Claro,17,"$6,696.00"
Colombia,Metro,Samsung,Bitel,4,"$6,604.00"
Jamaica,Ripley,Nokia,Claro,23,"$5,110.00"
Paraguay,Metro,Apple,Bitel,75,"$6,806.00"
Canadá,Ripley,Samsung,Movistar,12,"$6,862.00"
Dinamarca,Tottus,Samsung,Claro,7,"$6,413.00"
Francia,Tottus,LG,Entel,201,"$6,640.00"
